URL,Title,Visit Time,Visit Count,Visited From,Visit Type,Web Browser,User Profile,Browser Profile,URL Length,Typed Count
https://www.winpcap.org/,WinPcap - Home,2018/5/16 12:17:01,1,http://www.winpcap.org/,Auto TopLevel,Chrome,mayu2,Default,24,0
http://www.winpcap.org/,WinPcap - Home,2018/5/16 12:17:01,1,,Auto TopLevel,Chrome,mayu2,Default,23,0
https://mp.weixin.qq.com/s?src=11&timestamp=1526317981&ver=876&signature=tBUVpfkuxQ8aVdkmFKdPsQK-oQrtSwR67W67Xdb37FUcqovQkWeVXFMTKO04f0rkxvrazUG9RorVGMAlArQyPX3UwSgdSCdNnR24RFjLox*diE8ZYURurKSs2SClsNOs&new=1,考研竞赛数学,2018/5/16 12:15:26,1,,Reload,Chrome,mayu2,Default,207,0
https://mp.weixin.qq.com/s?timestamp=1526314914&src=3&ver=1&signature=VRD4Jbb4n*R*XG0jPPrej5NUhy9sYVnzSK8av5egFdMCDhKGzbnZRZct3Cpjm79fmQKXrJtV*UFz*QRHswoEVJMUr7VXjDZh7esnNkKlQBPyIu6vX1w44x9cTDRvLnudrdL0p-RpdfiC1JKKzuGqYnrsSTK6kvQ8wEJ1PNRV-Ek=,https://mp.weixin.qq.com/s?timestamp=1526314914&src=3&ver=1&signature=VRD4Jbb4n*R*XG0jPPrej5NUhy9sYVnzSK8av5egFdMCDhKGzbnZRZct3Cpjm79fmQKXrJtV*UFz*QRHswoEVJMUr7VXjDZh7esnNkKlQBPyIu6vX1w44x9cTDRvLnudrdL0p-RpdfiC1JKKzuGqYnrsSTK6kvQ8wEJ1PNRV-Ek=,2018/5/16 12:15:26,1,,Reload,Chrome,mayu2,Default,242,0
https://mp.weixin.qq.com/s?src=11&timestamp=1526369522&ver=877&signature=jp12LeiZiQ0h6up0UJIdEHUZidwHaybv1x1G6MGPdHD-UpsG2DxcCGYVt8owgZmG2smKR8tiJQCAi1Z2mQIBsEwPAd5994HnQLeoPPle5*N36lB*TsHF2x7c2njA2zYv&new=1,https://mp.weixin.qq.com/s?src=11&timestamp=1526369522&ver=877&signature=jp12LeiZiQ0h6up0UJIdEHUZidwHaybv1x1G6MGPdHD-UpsG2DxcCGYVt8owgZmG2smKR8tiJQCAi1Z2mQIBsEwPAd5994HnQLeoPPle5*N36lB*TsHF2x7c2njA2zYv&new=1,2018/5/16 12:15:26,1,,Reload,Chrome,mayu2,Default,207,0
https://mp.weixin.qq.com/s?src=11&timestamp=1526369522&ver=877&signature=jp12LeiZiQ0h6up0UJIdEHUZidwHaybv1x1G6MGPdHDf1JwBDdRywZ0Oi4iNnu3kYD6RhvR2aDl-4H0LdGIhZNlXusx9irvL*B9RqcrZE22bn9gvvrsGPgSsqoke4n5b&new=1,https://mp.weixin.qq.com/s?src=11&timestamp=1526369522&ver=877&signature=jp12LeiZiQ0h6up0UJIdEHUZidwHaybv1x1G6MGPdHDf1JwBDdRywZ0Oi4iNnu3kYD6RhvR2aDl-4H0LdGIhZNlXusx9irvL*B9RqcrZE22bn9gvvrsGPgSsqoke4n5b&new=1,2018/5/16 12:15:24,1,,Reload,Chrome,mayu2,Default,207,0
https://mp.weixin.qq.com/s?src=11&timestamp=1526371003&ver=877&signature=jp12LeiZiQ0h6up0UJIdEHUZidwHaybv1x1G6MGPdHA7uU6UV1qj2Mx5wdo71u7vFzKNa16jcuc*t2foyTSITcbiTFocnMJ6sk0rsWmKdhaCHhhJJc*VoWvqa5DO5034&new=1,https://mp.weixin.qq.com/s?src=11&timestamp=1526371003&ver=877&signature=jp12LeiZiQ0h6up0UJIdEHUZidwHaybv1x1G6MGPdHA7uU6UV1qj2Mx5wdo71u7vFzKNa16jcuc*t2foyTSITcbiTFocnMJ6sk0rsWmKdhaCHhhJJc*VoWvqa5DO5034&new=1,2018/5/16 12:15:23,1,,Reload,Chrome,mayu2,Default,207,0
https://mp.weixin.qq.com/s?src=11&timestamp=1526371003&ver=877&signature=jp12LeiZiQ0h6up0UJIdEHUZidwHaybv1x1G6MGPdHC7GTBsXdjP-wX0Q5AM*7w8bdtBx0ooSOji71YSYPYI0C1ugTCu*9dcnvgD79Lu0LlcjJQsbuvi3YmJvKdqwcIl&new=1,https://mp.weixin.qq.com/s?src=11&timestamp=1526371003&ver=877&signature=jp12LeiZiQ0h6up0UJIdEHUZidwHaybv1x1G6MGPdHC7GTBsXdjP-wX0Q5AM*7w8bdtBx0ooSOji71YSYPYI0C1ugTCu*9dcnvgD79Lu0LlcjJQsbuvi3YmJvKdqwcIl&new=1,2018/5/16 12:15:23,1,,Reload,Chrome,mayu2,Default,207,0
http://www.sohu.com/a/224921953_600110,,2018/5/16 12:15:21,1,,Reload,Chrome,mayu2,Default,38,0
http://weixin.sogou.com/weixin?type=2&ie=utf8&query=%E5%88%87%E7%BA%BF%E6%96%B9%E7%A8%8B&tsn=0&ft=&et=&interation=&wxid=oIWsFt-OBI0daqQ_mtl23uDx0xaE&usip=%E8%80%83%E7%A0%94%E7%AB%9E%E8%B5%9B%E6%95%B0%E5%AD%A6,,2018/5/16 12:15:20,1,,Reload,Chrome,mayu2,Default,208,0
http://mp.sohu.com/profile?xpt=b1NlSFRzOWRpZDVIRWctSy16TWdBMXg1eEZZRUB3ZWNoYXQuc29odS5jb20=,考研竞赛数学的个人展示页,2018/5/16 12:15:19,1,,Reload,Chrome,mayu2,Default,91,0
https://www.bilibili.com/video/av21781353/?p=4,,2018/5/16 12:15:16,1,,Reload,Chrome,mayu2,Default,46,0
http://www.sohu.com/a/138812609_600110,《重积分》知识点、常用计算公式的总结与典型题_搜狐教育_搜狐网,2018/5/16 12:15:15,1,,Reload,Chrome,mayu2,Default,38,0
https://space.bilibili.com/9890410/#/video,,2018/5/16 12:15:14,3,,Reload,Chrome,mayu2,Default,42,0
https://space.bilibili.com/756155/#/video,https://space.bilibili.com/756155/#/video,2018/5/16 12:15:13,3,,Link,Chrome,mayu2,Default,41,0
https://www.bilibili.com/video/av15656538/?p=1,【高斯课堂】 《高数下》《高等数学下》《微积分下》4小时速成/不挂科/附赠笔记/精品课程/适用于期末补考重修考试等_哔哩哔哩 (b-b)つロ 干杯~-bilibili,2018/5/16 12:15:13,1,,Reload,Chrome,mayu2,Default,46,0
https://www.bilibili.com/video/av22931364/?p=1,【公开课】高等数学知识点汇总_哔哩哔哩 (b-b)つロ 干杯~-bilibili,2018/5/16 12:15:13,1,,Reload,Chrome,mayu2,Default,46,0
https://space.bilibili.com/756155/#/video,https://space.bilibili.com/756155/#/video,2018/5/16 12:15:13,3,,Reload,Chrome,mayu2,Default,41,0
http://www.msftconnecttest.com/redirect,电子科技大学・校园网身份认证,2018/5/16 12:15:07,16,,Typed URL,Chrome,mayu2,Default,39,4
http://www.msftconnecttest.com/redirect,,2018/5/16 12:15:02,5,,,Internet Explorer 10/11 / Edge,mayu2,,39,
file:///C:/Users/mayu2/Documents/Tencent%20Files/1870638737/FileRecv/【大面积重修考试】2018年毕业年级大面积课程重新学习考试安排表0424.xls,,2018/5/16 8:46:10,2,,,Internet Explorer 10/11 / Edge,mayu2,,109,
https://ana.bandi.so/bandizip/gl.html?cid=Global&v=25131&l=simpchinese,,2018/5/16 0:19:17,18,,,Internet Explorer 10/11 / Edge,mayu2,,70,
file:///C:/Users/mayu2/Desktop/天元/大三下实习/企业实习OBE版本全套材料（试行）.rar,,2018/5/16 0:19:16,1,,,Internet Explorer 10/11 / Edge,mayu2,,61,
"file:///C:/Users/mayu2/Downloads/专升本高等数学（侵删）%20别投币，别收藏，别评论，可关注/39.39曲面的切平面和法线(Av22591438,P39).Flv",,2018/5/15 15:28:00,1,,,Internet Explorer 10/11 / Edge,mayu2,,97,
"file:///C:/Users/mayu2/Downloads/专升本高等数学（侵删）%20别投币，别收藏，别评论，可关注/42.42二重积分的计算(Av22591438,P42).Flv",,2018/5/15 9:35:01,1,,,Internet Explorer 10/11 / Edge,mayu2,,95,
chrome-extension://ngpampappnmepgilojfohadhhmbhlaek/captured.html?back=1,Download with IDM,2018/5/15 1:21:30,76,https://download.microsoft.com/download/B/4/1/B4119C11-0423-477B-80EE-7A474314B347/NDP452-KB2901954-Web.exe,Auto TopLevel,Chrome,mayu2,Default,72,0
https://download.microsoft.com/download/B/4/1/B4119C11-0423-477B-80EE-7A474314B347/NDP452-KB2901954-Web.exe,Download with IDM,2018/5/15 1:21:30,1,,Auto TopLevel,Chrome,mayu2,Default,107,0
https://www.bilibili.com/video/av15261388,2018浙江专升本 数学学科之极限的应用真题讲解 【精通学堂出品】_哔哩哔哩 (b-b)つロ 干杯~-bilibili,2018/5/15 1:21:27,1,,Reload,Chrome,mayu2,Default,41,0
https://space.bilibili.com/138950635/#/video?keyword=%E6%95%B0%E5%AD%A6,space.bilibili.com,2018/5/15 1:21:24,5,,Reload,Chrome,mayu2,Default,71,0
https://search.bilibili.com/all?keyword=%E7%AD%89%E4%BB%B7%E6%97%A0%E7%A9%B7%E5%B0%8F,等价无穷小 - 搜索结果 - 哔哩哔哩弹幕视频网 - ( b- b)つロ 乾杯~ - bilibili,2018/5/15 1:21:23,1,,Reload,Chrome,mayu2,Default,85,0
https://www.bilibili.com/video/av22931364/?p=1,【公开课】高等数学知识点汇总_哔哩哔哩 (b-b)つロ 干杯~-bilibili,2018/5/15 1:21:18,1,,Reload,Chrome,mayu2,Default,46,0
https://www.bilibili.com/video/av15656538/?p=1,【高斯课堂】 《高数下》《高等数学下》《微积分下》4小时速成/不挂科/附赠笔记/精品课程/适用于期末补考重修考试等_哔哩哔哩 (b-b)つロ 干杯~-bilibili,2018/5/15 1:21:17,1,,Reload,Chrome,mayu2,Default,46,0
https://space.bilibili.com/304424366/#/video?keyword=%E6%95%B0%E5%AD%A6,space.bilibili.com,2018/5/15 1:21:14,3,,Reload,Chrome,mayu2,Default,71,0
https://www.bilibili.com/video/av16739093,一小时套路高等数学C上_哔哩哔哩 (b-b)つロ 干杯~-bilibili,2018/5/15 1:21:11,2,,Reload,Chrome,mayu2,Default,41,0
http://mp.sohu.com/profile?xpt=b1NlSFRzOWRpZDVIRWctSy16TWdBMXg1eEZZRUB3ZWNoYXQuc29odS5jb20=,考研竞赛数学的个人展示页,2018/5/15 1:21:10,1,,Reload,Chrome,mayu2,Default,91,0
https://space.bilibili.com/9890410/#/video,,2018/5/15 1:21:08,3,,Reload,Chrome,mayu2,Default,42,0
https://space.bilibili.com/756155/#/video,https://space.bilibili.com/756155/#/video,2018/5/15 1:21:08,3,,Reload,Chrome,mayu2,Default,41,0
https://search.bilibili.com/all?keyword=%E4%B8%89%E9%87%8D%E7%A7%AF%E5%88%86&from_source=banner_suggest,https://search.bilibili.com/all?keyword=三重积分&from_source=banner_suggest,2018/5/15 1:21:06,2,,Reload,Chrome,mayu2,Default,103,0
https://search.bilibili.com/all?keyword=%E4%B8%89%E9%87%8D%E7%A7%AF%E5%88%86%E7%90%83%E9%9D%A2&from_source=banner_search,三重积分球面 - 搜索结果 - 哔哩哔哩弹幕视频网 - ( b- b)つロ 乾杯~ - bilibili,2018/5/15 1:21:05,1,,Reload,Chrome,mayu2,Default,120,0
http://weixin.sogou.com/weixin?type=2&ie=utf8&query=%E7%BA%A7%E6%95%B0&tsn=0&ft=&et=&interation=&wxid=oIWsFt-OBI0daqQ_mtl23uDx0xaE&usip=%E8%80%83%E7%A0%94%E7%AB%9E%E8%B5%9B%E6%95%B0%E5%AD%A6,级数的相关微信公众号文章 C 搜狗微信搜索,2018/5/15 1:21:03,1,,Reload,Chrome,mayu2,Default,190,0
https://mp.weixin.qq.com/s?src=11&timestamp=1526317981&ver=876&signature=tBUVpfkuxQ8aVdkmFKdPsQK-oQrtSwR67W67Xdb37FUcqovQkWeVXFMTKO04f0rkxvrazUG9RorVGMAlArQyPX3UwSgdSCdNnR24RFjLox*diE8ZYURurKSs2SClsNOs&new=1,考研竞赛数学,2018/5/15 1:21:02,1,,Reload,Chrome,mayu2,Default,207,0
https://mp.weixin.qq.com/s?timestamp=1526314914&src=3&ver=1&signature=VRD4Jbb4n*R*XG0jPPrej5NUhy9sYVnzSK8av5egFdMCDhKGzbnZRZct3Cpjm79fmQKXrJtV*UFz*QRHswoEVJMUr7VXjDZh7esnNkKlQBPyIu6vX1w44x9cTDRvLnudrdL0p-RpdfiC1JKKzuGqYnrsSTK6kvQ8wEJ1PNRV-Ek=,https://mp.weixin.qq.com/s?timestamp=1526314914&src=3&ver=1&signature=VRD4Jbb4n*R*XG0jPPrej5NUhy9sYVnzSK8av5egFdMCDhKGzbnZRZct3Cpjm79fmQKXrJtV*UFz*QRHswoEVJMUr7VXjDZh7esnNkKlQBPyIu6vX1w44x9cTDRvLnudrdL0p-RpdfiC1JKKzuGqYnrsSTK6kvQ8wEJ1PNRV-Ek=,2018/5/15 1:21:01,1,,Reload,Chrome,mayu2,Default,242,0
http://www.sohu.com/a/138812609_600110,《重积分》知识点、常用计算公式的总结与典型题_搜狐教育_搜狐网,2018/5/15 1:20:56,1,,Reload,Chrome,mayu2,Default,38,0
https://mp.weixin.qq.com/s?src=11&timestamp=1526317981&ver=876&signature=tBUVpfkuxQ8aVdkmFKdPsQK-oQrtSwR67W67Xdb37FUcqovQkWeVXFMTKO04f0rkxvrazUG9RorVGMAlArQyPX3UwSgdSCdNnR24RFjLox*diE8ZYURurKSs2SClsNOs&new=1,考研竞赛数学,2018/5/15 1:13:09,1,http://mp.weixin.qq.com/s?src=11&timestamp=1526317981&ver=876&signature=tBUVpfkuxQ8aVdkmFKdPsQK-oQrtSwR67W67Xdb37FUcqovQkWeVXFMTKO04f0rkxvrazUG9RorVGMAlArQyPX3UwSgdSCdNnR24RFjLox*diE8ZYURurKSs2SClsNOs&new=1,Link,Chrome,mayu2,Default,207,0
http://mp.weixin.qq.com/s?src=11&timestamp=1526317981&ver=876&signature=tBUVpfkuxQ8aVdkmFKdPsQK-oQrtSwR67W67Xdb37FUcqovQkWeVXFMTKO04f0rkxvrazUG9RorVGMAlArQyPX3UwSgdSCdNnR24RFjLox*diE8ZYURurKSs2SClsNOs&new=1,考研竞赛数学,2018/5/15 1:13:09,1,,Link,Chrome,mayu2,Default,206,0
http://weixin.sogou.com/weixin?type=2&ie=utf8&query=%E7%BA%A7%E6%95%B0&tsn=0&ft=&et=&interation=&wxid=oIWsFt-OBI0daqQ_mtl23uDx0xaE&usip=%E8%80%83%E7%A0%94%E7%AB%9E%E8%B5%9B%E6%95%B0%E5%AD%A6,级数的相关微信公众号文章 C 搜狗微信搜索,2018/5/15 1:13:02,1,http://weixin.sogou.com/weixin?type=2&s_from=input&query=%E7%BA%A7%E6%95%B0&ie=utf8&_sug_=y&_sug_type_=&w=01019900&sut=5263&sst0=1526317974363&lkt=0%2C0%2C0,Link,Chrome,mayu2,Default,190,0
http://weixin.sogou.com/weixin?type=2&s_from=input&query=%E7%BA%A7%E6%95%B0&ie=utf8&_sug_=y&_sug_type_=&w=01019900&sut=5263&sst0=1526317974363&lkt=0%2C0%2C0,级数的相关微信公众号文章 C 搜狗微信搜索,2018/5/15 1:12:54,1,,Form Submit,Chrome,mayu2,Default,156,0
http://service.file.ru.jijidown.com/PC/WPF/join.html?ver=201805142202,,2018/5/15 0:57:14,2,,,Internet Explorer 10/11 / Edge,mayu2,,69,
https://search.bilibili.com/all?keyword=%E4%B8%89%E9%87%8D%E7%A7%AF%E5%88%86%E7%90%83%E9%9D%A2&from_source=banner_search,三重积分球面 - 搜索结果 - 哔哩哔哩弹幕视频网 - ( b- b)つロ 乾杯~ - bilibili,2018/5/15 0:37:52,1,,Link,Chrome,mayu2,Default,120,0
https://www.google.com.hk/search?q=%E4%B8%89%E9%87%8D%E7%A7%AF%E5%88%86%E7%90%83%E9%9D%A2&rlz=1C1CHWL_zh-CNJP736&oq=%E4%B8%89%E9%87%8D%E7%A7%AF%E5%88%86%E7%90%83%E9%9D%A2&aqs=chrome..69i57j69i61&sourceid=chrome&ie=UTF-8,三重积分球面 - Google 搜索,2018/5/15 0:37:41,1,,Link,Chrome,mayu2,Default,219,0
http://www.bilibili.com/video/av15544962?from=search&seid=1216968831590389658,宇哥三重积分球面拳_哔哩哔哩 (b-b)つロ 干杯~-bilibili,2018/5/15 0:36:34,1,,Link,Chrome,mayu2,Default,77,0
https://www.bilibili.com/video/av15544962?from=search&seid=1216968831590389658,宇哥三重积分球面拳_哔哩哔哩 (b-b)つロ 干杯~-bilibili,2018/5/15 0:36:34,1,http://www.bilibili.com/video/av15544962?from=search&seid=1216968831590389658,Link,Chrome,mayu2,Default,78,0
https://space.bilibili.com/9890410/#/video,,2018/5/15 0:35:56,3,,Link,Chrome,mayu2,Default,42,0
https://space.bilibili.com/9890410/#/,,2018/5/15 0:35:30,1,,Link,Chrome,mayu2,Default,37,0
https://space.bilibili.com/9890410/,,2018/5/15 0:35:29,1,,Link,Chrome,mayu2,Default,35,0
https://space.bilibili.com/9890410?from=search&seid=3524934029927778072,一只熊飞入梦中的个人空间 - 哔哩哔哩 ( b- b)つロ 乾杯~ Bilibili,2018/5/15 0:35:29,1,,Link,Chrome,mayu2,Default,71,0
https://search.bilibili.com/all?keyword=%E7%BA%A7%E6%95%B0&page=2,,2018/5/15 0:35:21,1,,Link,Chrome,mayu2,Default,65,0
https://search.bilibili.com/all?keyword=%E7%BA%A7%E6%95%B0,,2018/5/15 0:35:03,1,,Link,Chrome,mayu2,Default,58,0
http://www.waiting8.com/share-about-computer-version-of-the-wechat.html,腾讯官方自己出品的微信PC版下载抢先体验+电脑上使用微信的方法汇总 | 等待吧,2018/5/15 0:32:42,1,,Link,Chrome,mayu2,Default,71,0
http://weixin.sogou.com/weixin?usip=%E8%80%83%E7%A0%94%E7%AB%9E%E8%B5%9B%E6%95%B0%E5%AD%A6&query=%E8%80%83%E7%A0%94%E7%AB%9E%E8%B5%9B%E6%95%B0%E5%AD%A6&ft=&tsn=0&et=&interation=&type=2&wxid=oIWsFt-OBI0daqQ_mtl23uDx0xaE&page=24&ie=utf8,考研竞赛数学的相关微信公众号文章 C 搜狗微信搜索,2018/5/15 0:31:45,1,http://weixin.sogou.com/weixin?usip=%E8%80%83%E7%A0%94%E7%AB%9E%E8%B5%9B%E6%95%B0%E5%AD%A6&query=%E8%80%83%E7%A0%94%E7%AB%9E%E8%B5%9B%E6%95%B0%E5%AD%A6&ft=&tsn=0&et=&interation=&type=2&wxid=oIWsFt-OBI0daqQ_mtl23uDx0xaE&page=22&ie=utf8,Link,Chrome,mayu2,Default,234,0
http://weixin.sogou.com/weixin?usip=%E8%80%83%E7%A0%94%E7%AB%9E%E8%B5%9B%E6%95%B0%E5%AD%A6&query=%E8%80%83%E7%A0%94%E7%AB%9E%E8%B5%9B%E6%95%B0%E5%AD%A6&ft=&tsn=0&et=&interation=&type=2&wxid=oIWsFt-OBI0daqQ_mtl23uDx0xaE&page=22&ie=utf8,考研竞赛数学的相关微信公众号文章 C 搜狗微信搜索,2018/5/15 0:31:42,1,http://weixin.sogou.com/weixin?usip=%E8%80%83%E7%A0%94%E7%AB%9E%E8%B5%9B%E6%95%B0%E5%AD%A6&query=%E8%80%83%E7%A0%94%E7%AB%9E%E8%B5%9B%E6%95%B0%E5%AD%A6&ft=&tsn=0&et=&interation=&type=2&wxid=oIWsFt-OBI0daqQ_mtl23uDx0xaE&page=20&ie=utf8,Link,Chrome,mayu2,Default,234,0
http://weixin.sogou.com/weixin?usip=%E8%80%83%E7%A0%94%E7%AB%9E%E8%B5%9B%E6%95%B0%E5%AD%A6&query=%E8%80%83%E7%A0%94%E7%AB%9E%E8%B5%9B%E6%95%B0%E5%AD%A6&ft=&tsn=0&et=&interation=&type=2&wxid=oIWsFt-OBI0daqQ_mtl23uDx0xaE&page=20&ie=utf8,考研竞赛数学的相关微信公众号文章 C 搜狗微信搜索,2018/5/15 0:31:38,1,http://weixin.sogou.com/weixin?usip=%E8%80%83%E7%A0%94%E7%AB%9E%E8%B5%9B%E6%95%B0%E5%AD%A6&query=%E8%80%83%E7%A0%94%E7%AB%9E%E8%B5%9B%E6%95%B0%E5%AD%A6&ft=&tsn=0&et=&interation=&type=2&wxid=oIWsFt-OBI0daqQ_mtl23uDx0xaE&page=18&ie=utf8,Link,Chrome,mayu2,Default,234,0
http://weixin.sogou.com/weixin?usip=%E8%80%83%E7%A0%94%E7%AB%9E%E8%B5%9B%E6%95%B0%E5%AD%A6&query=%E8%80%83%E7%A0%94%E7%AB%9E%E8%B5%9B%E6%95%B0%E5%AD%A6&ft=&tsn=0&et=&interation=&type=2&wxid=oIWsFt-OBI0daqQ_mtl23uDx0xaE&page=18&ie=utf8,考研竞赛数学的相关微信公众号文章 C 搜狗微信搜索,2018/5/15 0:31:36,1,http://weixin.sogou.com/weixin?usip=%E8%80%83%E7%A0%94%E7%AB%9E%E8%B5%9B%E6%95%B0%E5%AD%A6&query=%E8%80%83%E7%A0%94%E7%AB%9E%E8%B5%9B%E6%95%B0%E5%AD%A6&ft=&tsn=0&et=&interation=&type=2&wxid=oIWsFt-OBI0daqQ_mtl23uDx0xaE&page=16&ie=utf8,Link,Chrome,mayu2,Default,234,0
http://weixin.sogou.com/weixin?usip=%E8%80%83%E7%A0%94%E7%AB%9E%E8%B5%9B%E6%95%B0%E5%AD%A6&query=%E8%80%83%E7%A0%94%E7%AB%9E%E8%B5%9B%E6%95%B0%E5%AD%A6&ft=&tsn=0&et=&interation=&type=2&wxid=oIWsFt-OBI0daqQ_mtl23uDx0xaE&page=16&ie=utf8,考研竞赛数学的相关微信公众号文章 C 搜狗微信搜索,2018/5/15 0:31:34,1,http://weixin.sogou.com/weixin?usip=%E8%80%83%E7%A0%94%E7%AB%9E%E8%B5%9B%E6%95%B0%E5%AD%A6&query=%E8%80%83%E7%A0%94%E7%AB%9E%E8%B5%9B%E6%95%B0%E5%AD%A6&ft=&tsn=0&et=&interation=&type=2&wxid=oIWsFt-OBI0daqQ_mtl23uDx0xaE&page=14&ie=utf8,Link,Chrome,mayu2,Default,234,0
http://weixin.sogou.com/weixin?usip=%E8%80%83%E7%A0%94%E7%AB%9E%E8%B5%9B%E6%95%B0%E5%AD%A6&query=%E8%80%83%E7%A0%94%E7%AB%9E%E8%B5%9B%E6%95%B0%E5%AD%A6&ft=&tsn=0&et=&interation=&type=2&wxid=oIWsFt-OBI0daqQ_mtl23uDx0xaE&page=14&ie=utf8,考研竞赛数学的相关微信公众号文章 C 搜狗微信搜索,2018/5/15 0:31:32,1,http://weixin.sogou.com/weixin?usip=%E8%80%83%E7%A0%94%E7%AB%9E%E8%B5%9B%E6%95%B0%E5%AD%A6&query=%E8%80%83%E7%A0%94%E7%AB%9E%E8%B5%9B%E6%95%B0%E5%AD%A6&ft=&tsn=0&et=&interation=&type=2&wxid=oIWsFt-OBI0daqQ_mtl23uDx0xaE&page=12&ie=utf8,Link,Chrome,mayu2,Default,234,0
http://weixin.sogou.com/weixin?usip=%E8%80%83%E7%A0%94%E7%AB%9E%E8%B5%9B%E6%95%B0%E5%AD%A6&query=%E8%80%83%E7%A0%94%E7%AB%9E%E8%B5%9B%E6%95%B0%E5%AD%A6&ft=&tsn=0&et=&interation=&type=2&wxid=oIWsFt-OBI0daqQ_mtl23uDx0xaE&page=12&ie=utf8,考研竞赛数学的相关微信公众号文章 C 搜狗微信搜索,2018/5/15 0:31:29,1,http://weixin.sogou.com/weixin?usip=%E8%80%83%E7%A0%94%E7%AB%9E%E8%B5%9B%E6%95%B0%E5%AD%A6&query=%E8%80%83%E7%A0%94%E7%AB%9E%E8%B5%9B%E6%95%B0%E5%AD%A6&ft=&tsn=0&et=&interation=&type=2&wxid=oIWsFt-OBI0daqQ_mtl23uDx0xaE&page=10&ie=utf8,Link,Chrome,mayu2,Default,234,0
http://weixin.sogou.com/weixin?usip=%E8%80%83%E7%A0%94%E7%AB%9E%E8%B5%9B%E6%95%B0%E5%AD%A6&query=%E8%80%83%E7%A0%94%E7%AB%9E%E8%B5%9B%E6%95%B0%E5%AD%A6&ft=&tsn=0&et=&interation=&type=2&wxid=oIWsFt-OBI0daqQ_mtl23uDx0xaE&page=10&ie=utf8,考研竞赛数学的相关微信公众号文章 C 搜狗微信搜索,2018/5/15 0:31:24,3,,Link,Chrome,mayu2,Default,234,0
http://weixin.sogou.com/weixin?type=2&ie=utf8&query=%E8%80%83%E7%A0%94%E7%AB%9E%E8%B5%9B%E6%95%B0%E5%AD%A6&tsn=0&ft=&et=&interation=&wxid=oIWsFt-OBI0daqQ_mtl23uDx0xaE&usip=%E8%80%83%E7%A0%94%E7%AB%9E%E8%B5%9B%E6%95%B0%E5%AD%A6,考研竞赛数学的相关微信公众号文章 C 搜狗微信搜索,2018/5/15 0:31:16,6,http://weixin.sogou.com/weixin?type=2&ie=utf8&query=%E8%80%83%E7%A0%94%E7%AB%9E%E8%B5%9B%E6%95%B0%E5%AD%A6&tsn=0&ft=&et=&interation=&wxid=&usip=,Link,Chrome,mayu2,Default,226,0
http://weixin.sogou.com/weixin?type=2&ie=utf8&query=%E8%80%83%E7%A0%94%E7%AB%9E%E8%B5%9B%E6%95%B0%E5%AD%A6&tsn=0&ft=&et=&interation=&wxid=&usip=,考研竞赛数学的相关微信公众号文章 C 搜狗微信搜索,2018/5/15 0:31:11,1,http://weixin.sogou.com/weixin?type=2&s_from=input&query=%E8%80%83%E7%A0%94%E7%AB%9E%E8%B5%9B%E6%95%B0%E5%AD%A6&ie=utf8&_sug_=n&_sug_type_=,Link,Chrome,mayu2,Default,144,0
http://weixin.sogou.com/weixin?type=2&s_from=input&query=%E8%80%83%E7%A0%94%E7%AB%9E%E8%B5%9B%E6%95%B0%E5%AD%A6&ie=utf8&_sug_=n&_sug_type_=,考研竞赛数学的相关微信公众号文章 C 搜狗微信搜索,2018/5/15 0:31:08,1,,Form Submit,Chrome,mayu2,Default,139,0
https://mp.weixin.qq.com/profile?src=3&timestamp=1526315454&ver=1&signature=HiSamq1-ORnvw3MMNeR2xK7o7xWbgwBUv47Q78NEXJEefIjl7TRXz-GGQz91dbCtehr8Pi-K0Tjvrbs1zJZMbw==,考研竞赛数学,2018/5/15 0:30:58,1,http://mp.weixin.qq.com/profile?src=3&timestamp=1526315454&ver=1&signature=HiSamq1-ORnvw3MMNeR2xK7o7xWbgwBUv47Q78NEXJEefIjl7TRXz-GGQz91dbCtehr8Pi-K0Tjvrbs1zJZMbw==,Link,Chrome,mayu2,Default,164,0
http://mp.weixin.qq.com/profile?src=3&timestamp=1526315454&ver=1&signature=HiSamq1-ORnvw3MMNeR2xK7o7xWbgwBUv47Q78NEXJEefIjl7TRXz-GGQz91dbCtehr8Pi-K0Tjvrbs1zJZMbw==,考研竞赛数学,2018/5/15 0:30:58,1,,Link,Chrome,mayu2,Default,163,0
http://weixin.sogou.com/weixin?type=1&s_from=input&query=%E8%80%83%E7%A0%94%E7%AB%9E%E8%B5%9B%E6%95%B0%E5%AD%A6&ie=utf8&_sug_=n&_sug_type_=,考研竞赛数学的相关微信公众号 C 搜狗微信搜索,2018/5/15 0:30:56,2,http://weixin.sogou.com/weixin?type=2&ie=utf8&query=%E8%80%83%E7%A0%94%E7%AB%9E%E8%B5%9B%E6%95%B0%E5%AD%A6&tsn=0&ft=&et=&interation=&wxid=oIWsFt-OBI0daqQ_mtl23uDx0xaE&usip=%E8%80%83%E7%A0%94%E7%AB%9E%E8%B5%9B%E6%95%B0%E5%AD%A6,Form Submit,Chrome,mayu2,Default,139,0
http://weixin.sogou.com/weixin?type=2&ie=utf8&query=%E8%80%83%E7%A0%94%E7%AB%9E%E8%B5%9B%E6%95%B0%E5%AD%A6&tsn=0&ft=&et=&interation=&wxid=oIWsFt-OBI0daqQ_mtl23uDx0xaE&usip=%E8%80%83%E7%A0%94%E7%AB%9E%E8%B5%9B%E6%95%B0%E5%AD%A6,考研竞赛数学的相关微信公众号文章 C 搜狗微信搜索,2018/5/15 0:30:54,6,http://weixin.sogou.com/weixin?type=2&ie=utf8&query=%E8%80%83%E7%A0%94%E7%AB%9E%E8%B5%9B%E6%95%B0%E5%AD%A6&tsn=0&ft=&et=&interation=&wxid=oIWsFt-OBI0daqQ_mtl23uDx0xaE&usip=%E8%80%83%E7%A0%94%E7%AB%9E%E8%B5%9B%E6%95%B0%E5%AD%A6,Link,Chrome,mayu2,Default,226,0
http://weixin.sogou.com/weixin?type=2&ie=utf8&query=%E8%80%83%E7%A0%94%E7%AB%9E%E8%B5%9B%E6%95%B0%E5%AD%A6&tsn=0&ft=&et=&interation=&wxid=oIWsFt-OBI0daqQ_mtl23uDx0xaE&usip=%E8%80%83%E7%A0%94%E7%AB%9E%E8%B5%9B%E6%95%B0%E5%AD%A6,考研竞赛数学的相关微信公众号文章 C 搜狗微信搜索,2018/5/15 0:30:46,6,http://weixin.sogou.com/weixin?type=2&query=%E8%80%83%E7%A0%94%E7%AB%9E%E8%B5%9B%E6%95%B0%E5%AD%A6&ie=utf8&s_from=input&_sug_=n&_sug_type_=1&w=01015002&oq=&ri=16&sourceid=sugg&sut=0&sst0=1526315435761&lkt=0%2C0%2C0&p=40040108,Link,Chrome,mayu2,Default,226,0
http://weixin.sogou.com/weixin?type=2&query=%E8%80%83%E7%A0%94%E7%AB%9E%E8%B5%9B%E6%95%B0%E5%AD%A6&ie=utf8&s_from=input&_sug_=n&_sug_type_=1&w=01015002&oq=&ri=16&sourceid=sugg&sut=0&sst0=1526315435761&lkt=0%2C0%2C0&p=40040108,考研竞赛数学的相关微信公众号文章 C 搜狗微信搜索,2018/5/15 0:30:35,1,http://weixin.sogou.com/,Form Submit,Chrome,mayu2,Default,225,0
http://weixin.sogou.com/,搜狗微信搜索_订阅号及文章内容独家收录，一搜即达,2018/5/15 0:30:29,3,http://weixin.sogou.com/weixin?usip=%E8%80%83%E7%A0%94%E7%AB%9E%E8%B5%9B%E6%95%B0%E5%AD%A6&query=%E8%80%83%E7%A0%94%E7%AB%9E%E8%B5%9B%E6%95%B0%E5%AD%A6&ft=&tsn=0&et=&interation=&type=2&wxid=oIWsFt-OBI0daqQ_mtl23uDx0xaE&page=10&ie=utf8,Link,Chrome,mayu2,Default,24,0
https://account.sogo.com/callbackRedirect?data=%7B%22data%22%3A%7B%22ru%22%3A%22http%3A%2F%2Fweixin.sogou.com%2Fweixin%3Fusip%3D%25E8%2580%2583%25E7%25A0%2594%25E7%25AB%259E%25E8%25B5%259B%25E6%2595%25B0%25E5%25AD%25A6%26query%3D%25E8%2580%2583%25E7%25A0%2594%25E7%25AB%259E%25E8%25B5%259B%25E6%2595%25B0%25E5%25AD%25A6%26ft%3D%26tsn%3D0%26et%3D%26interation%3D%26type%3D2%26wxid%3DoIWsFt-OBI0daqQ_mtl23uDx0xaE%26page%3D10%26ie%3Dutf8%22%2C%22noStatus%22%3Atrue%2C%22xd%22%3A%22http%3A%2F%2Fweixin.sogou.com%2Fweixin%3Fusip%3D%25E8%2580%2583%25E7%25A0%2594%25E7%25AB%259E%25E8%25B5%259B%25E6%2595%25B0%25E5%25AD%25A6%26query%3D%25E8%2580%2583%25E7%25A0%2594%25E7%25AB%259E%25E8%25B5%259B%25E6%2595%25B0%25E5%25AD%25A6%26ft%3D%26tsn%3D0%26et%3D%26interation%3D%26type%3D2%26wxid%3DoIWsFt-OBI0daqQ_mtl23uDx0xaE%26page%3D10%26ie%3Dutf8%22%2C%22userid%22%3A%22o9t2luFfROGjg3ss3STPFAL9vH88%40weixin.sohu.com%22%7D%2C%22status%22%3A%220%22%2C%22statusText%22%3A%22%22%7D&cookieToken=572b9c504b6b4d8888748f57b4ce6604&flag=SET,搜狗微信搜索_订阅号及文章内容独家收录，一搜即达,2018/5/15 0:30:29,1,https://account.sogou.com/connect/callback/weixin?code=061242o11vNJWZ16Qdq11jk0o11242op&state=d999e7a2-f6db-4f95-97f6-6b590cf75b02,Link,Chrome,mayu2,Default,1018,0
https://account.sogou.com/connect/callback/weixin?code=061242o11vNJWZ16Qdq11jk0o11242op&state=d999e7a2-f6db-4f95-97f6-6b590cf75b02,搜狗微信搜索_订阅号及文章内容独家收录，一搜即达,2018/5/15 0:30:29,1,,Link,Chrome,mayu2,Default,130,0
http://weixin.sogou.com/weixin?usip=%E8%80%83%E7%A0%94%E7%AB%9E%E8%B5%9B%E6%95%B0%E5%AD%A6&query=%E8%80%83%E7%A0%94%E7%AB%9E%E8%B5%9B%E6%95%B0%E5%AD%A6&ft=&tsn=0&et=&interation=&type=2&wxid=oIWsFt-OBI0daqQ_mtl23uDx0xaE&page=10&ie=utf8,考研竞赛数学的相关微信公众号文章 C 搜狗微信搜索,2018/5/15 0:30:29,3,https://account.sogo.com/callbackRedirect?data=%7B%22data%22%3A%7B%22ru%22%3A%22http%3A%2F%2Fweixin.sogou.com%2Fweixin%3Fusip%3D%25E8%2580%2583%25E7%25A0%2594%25E7%25AB%259E%25E8%25B5%259B%25E6%2595%25B0%25E5%25AD%25A6%26query%3D%25E8%2580%2583%25E7%25A0%2594%25E7%25AB%259E%25E8%25B5%259B%25E6%2595%25B0%25E5%25AD%25A6%26ft%3D%26tsn%3D0%26et%3D%26interation%3D%26type%3D2%26wxid%3DoIWsFt-OBI0daqQ_mtl23uDx0xaE%26page%3D10%26ie%3Dutf8%22%2C%22noStatus%22%3Atrue%2C%22xd%22%3A%22http%3A%2F%2Fweixin.sogou.com%2Fweixin%3Fusip%3D%25E8%2580%2583%25E7%25A0%2594%25E7%25AB%259E%25E8%25B5%259B%25E6%2595%25B0%25E5%25AD%25A6%26query%3D%25E8%2580%2583%25E7%25A0%2594%25E7%25AB%259E%25E8%25B5%259B%25E6%2595%25B0%25E5%25AD%25A6%26ft%3D%26tsn%3D0%26et%3D%26interation%3D%26type%3D2%26wxid%3DoIWsFt-OBI0daqQ_mtl23uDx0xaE%26page%3D10%26ie%3Dutf8%22%2C%22userid%22%3A%22o9t2luFfROGjg3ss3STPFAL9vH88%40weixin.sohu.com%22%7D%2C%22status%22%3A%220%22%2C%22statusText%22%3A%22%22%7D&cookieToken=572b9c504b6b4d8888748f57b4ce6604&flag=SET,Link,Chrome,mayu2,Default,234,0
http://weixin.sogou.com/weixin?usip=%E8%80%83%E7%A0%94%E7%AB%9E%E8%B5%9B%E6%95%B0%E5%AD%A6&query=%E8%80%83%E7%A0%94%E7%AB%9E%E8%B5%9B%E6%95%B0%E5%AD%A6&ft=&tsn=0&et=&interation=&type=2&wxid=oIWsFt-OBI0daqQ_mtl23uDx0xaE&page=10&ie=utf8,考研竞赛数学的相关微信公众号文章 C 搜狗微信搜索,2018/5/15 0:30:01,3,http://weixin.sogou.com/weixin?type=2&ie=utf8&query=%E8%80%83%E7%A0%94%E7%AB%9E%E8%B5%9B%E6%95%B0%E5%AD%A6&tsn=0&ft=&et=&interation=&wxid=oIWsFt-OBI0daqQ_mtl23uDx0xaE&usip=%E8%80%83%E7%A0%94%E7%AB%9E%E8%B5%9B%E6%95%B0%E5%AD%A6,Link,Chrome,mayu2,Default,234,0
http://weixin.sogou.com/weixin?type=2&ie=utf8&query=%E8%80%83%E7%A0%94%E7%AB%9E%E8%B5%9B%E6%95%B0%E5%AD%A6&tsn=0&ft=&et=&interation=&wxid=oIWsFt-OBI0daqQ_mtl23uDx0xaE&usip=%E8%80%83%E7%A0%94%E7%AB%9E%E8%B5%9B%E6%95%B0%E5%AD%A6,考研竞赛数学的相关微信公众号文章 C 搜狗微信搜索,2018/5/15 0:29:55,6,http://weixin.sogou.com/weixin?type=2&ie=utf8&query=%E8%80%83%E7%A0%94%E7%AB%9E%E8%B5%9B%E6%95%B0%E5%AD%A6&tsn=0&ft=&et=&interation=&wxid=oIWsFt-OBI0daqQ_mtl23uDx0xaE&usip=%E8%80%83%E7%A0%94%E7%AB%9E%E8%B5%9B%E6%95%B0%E5%AD%A6,Link,Chrome,mayu2,Default,226,0
http://weixin.sogou.com/weixin?type=2&ie=utf8&query=%E8%80%83%E7%A0%94%E7%AB%9E%E8%B5%9B%E6%95%B0%E5%AD%A6&tsn=0&ft=&et=&interation=&wxid=oIWsFt-OBI0daqQ_mtl23uDx0xaE&usip=%E8%80%83%E7%A0%94%E7%AB%9E%E8%B5%9B%E6%95%B0%E5%AD%A6,考研竞赛数学的相关微信公众号文章 C 搜狗微信搜索,2018/5/15 0:29:44,6,http://weixin.sogou.com/weixin?type=2&query=%E8%80%83%E7%A0%94%E7%AB%9E%E8%B5%9B%E6%95%B0%E5%AD%A6&ie=utf8&s_from=input&_sug_=n&_sug_type_=1&w=01015002&oq=&ri=15&sourceid=sugg&sut=0&sst0=1526315360362&lkt=0%2C0%2C0&p=40040108,Link,Chrome,mayu2,Default,226,0
http://weixin.sogou.com/weixin?type=2&query=%E8%80%83%E7%A0%94%E7%AB%9E%E8%B5%9B%E6%95%B0%E5%AD%A6&ie=utf8&s_from=input&_sug_=n&_sug_type_=1&w=01015002&oq=&ri=15&sourceid=sugg&sut=0&sst0=1526315360362&lkt=0%2C0%2C0&p=40040108,考研竞赛数学的相关微信公众号文章 C 搜狗微信搜索,2018/5/15 0:29:20,1,,Form Submit,Chrome,mayu2,Default,225,0
http://chuansong.me/utility,学习工具 -- 微信公众账号和文章的导航及推荐 -- 传送门,2018/5/15 0:29:08,1,,Link,Chrome,mayu2,Default,27,0
http://weixin.sogou.com/,搜狗微信搜索_订阅号及文章内容独家收录，一搜即达,2018/5/15 0:28:32,3,,Link,Chrome,mayu2,Default,24,0
http://chuansong.me/,传送门 -- 微信公众账号和文章的导航及推荐,2018/5/15 0:28:28,1,,Link,Chrome,mayu2,Default,20,0
http://weixin.qq.com/cgi-bin/readtemplate?t=win_weixin,微信 PC 版,2018/5/15 0:28:27,1,,Link,Chrome,mayu2,Default,54,0
https://cn.muread.com/c/jy,教育 | 必读,2018/5/15 0:26:53,1,https://cn.muread.com/,Link,Chrome,mayu2,Default,26,0
https://cn.muread.com/,必读,2018/5/15 0:26:45,1,,Link,Chrome,mayu2,Default,22,0
http://chuansong.me/account/xwmath,传送门,2018/5/15 0:26:33,1,,Link,Chrome,mayu2,Default,34,0
https://mp.weixin.qq.com/s?timestamp=1526314914&src=3&ver=1&signature=VRD4Jbb4n*R*XG0jPPrej5NUhy9sYVnzSK8av5egFdMCDhKGzbnZRZct3Cpjm79fmQKXrJtV*UFz*QRHswoEVJMUr7VXjDZh7esnNkKlQBPyIu6vX1w44x9cTDRvLnudrdL0p-RpdfiC1JKKzuGqYnrsSTK6kvQ8wEJ1PNRV-Ek=,https://mp.weixin.qq.com/s?timestamp=1526314914&src=3&ver=1&signature=VRD4Jbb4n*R*XG0jPPrej5NUhy9sYVnzSK8av5egFdMCDhKGzbnZRZct3Cpjm79fmQKXrJtV*UFz*QRHswoEVJMUr7VXjDZh7esnNkKlQBPyIu6vX1w44x9cTDRvLnudrdL0p-RpdfiC1JKKzuGqYnrsSTK6kvQ8wEJ1PNRV-Ek=,2018/5/15 0:26:08,1,https://mp.weixin.qq.com/profile?src=3&timestamp=1526314908&ver=1&signature=HiSamq1-ORnvw3MMNeR2xK7o7xWbgwBUv47Q78NEXJEefIjl7TRXz-GGQz91dbCtA6818X6ICezqbXmSfctBZQ==,Link,Chrome,mayu2,Default,242,0
https://mp.weixin.qq.com/profile?src=3&timestamp=1526314908&ver=1&signature=HiSamq1-ORnvw3MMNeR2xK7o7xWbgwBUv47Q78NEXJEefIjl7TRXz-GGQz91dbCtA6818X6ICezqbXmSfctBZQ==,考研竞赛数学,2018/5/15 0:26:06,1,,Link,Chrome,mayu2,Default,164,0
https://www.zhihu.com/question/21038468/answers/created,,2018/5/15 0:25:00,1,,Link,Chrome,mayu2,Default,55,0
https://mp.weixin.qq.com/mp/appmsg/show?__biz=MjM5OTg0NTMyMQ==&appmsgid=10000176&itemidx=1#wechat_redirect,,2018/5/15 0:24:44,1,http://mp.weixin.qq.com/mp/appmsg/show?__biz=MjM5OTg0NTMyMQ==&appmsgid=10000176&itemidx=1#wechat_redirect,Link,Chrome,mayu2,Default,106,0
http://mp.weixin.qq.com/mp/appmsg/show?__biz=MjM5OTg0NTMyMQ==&appmsgid=10000176&itemidx=1#wechat_redirect,,2018/5/15 0:24:44,1,,Link,Chrome,mayu2,Default,105,0
https://www.zhihu.com/question/21038468,(4 封私信 / 80 条消息)如何在桌面浏览器看微信公众平台的文章？ - 知乎,2018/5/15 0:24:23,1,,Link,Chrome,mayu2,Default,39,0
https://space.bilibili.com/305161965/#/,科技公社的个人空间 - 哔哩哔哩 ( b- b)つロ 乾杯~ Bilibili,2018/5/15 0:23:57,1,,Link,Chrome,mayu2,Default,39,0
https://space.bilibili.com/305161965/,,2018/5/15 0:23:57,1,,Link,Chrome,mayu2,Default,37,0
https://space.bilibili.com/305161965,,2018/5/15 0:23:56,1,,Link,Chrome,mayu2,Default,36,0
https://search.bilibili.com/all?keyword=%E7%94%B5%E8%84%91%E7%9C%8B%E5%BE%AE%E4%BF%A1%E6%96%87%E7%AB%A0&from_source=nav_search,电脑看微信文章 - 搜索结果 - 哔哩哔哩弹幕视频网 - ( b- b)つロ 乾杯~ - bilibili,2018/5/15 0:22:59,1,,Link,Chrome,mayu2,Default,126,0
http://www.sogou.com/web?ie=utf8&p=76330100&query=%E8%80%83%E7%A0%94%E7%AB%9E%E8%B5%9B%E6%95%B0%E5%AD%A6%20%E9%AB%98%E7%AD%89%E6%95%B0%E5%AD%A6%E3%80%81%E7%BA%BF%E6%80%A7%E4%BB%A3%E6%95%B0%E3%80%81%E6%95%B0%E5%AD%A6%E5%AE%9E%E9%AA%8C%EF%BC%8C%E7%A0%94%E7%A9%B6%E7%94%9F%E6%95%B0%E5%AD%A6%E5%85%A5%E5%AD%A6%E8%80%83%E8%AF%95%E3%80%81%E5%A4%A7%E5%AD%A6%E7%94%9F%E6%95%B0%E5%AD%A6%E7%AB%9E%E8%B5%9B%E3%80%81%E6%95%B0%E5%AD%A6%E6%96%87%E5%8C%96%E3%80%81%E6%95%B0%E5%AD%A6%E8%BD%AF%E4%BB%B6%EF%BC%8C%E5%A4%A7%E5%AD%A6%E7%94%9F%E6%B4%BB%E7%AD%89%E5%86%85%E5%AE%B9%EF%BC%8C%E5%AF%B9%E4%BA%8E%E8%AF%BE%E7%A8%8B%E6%B6%B5%E7%9B%96%E7%9F%A5%E8%AF%86%E7%82%B9%E3%80%81%E5%85%B8%E5%9E%8B%E4%BE%8B%E9%A2%98%E3%80%81%E4%B9%A0%E9%A2%98%E5%92%8C%E6%80%9D%E6%83%B3%E3%80%81%E6%96%B9%E6%B3%95%E7%9A%84%E8%A7%A3%E6%9E%90%EF%BC%81%E4%B8%8D%E5%BF%98%E5%88%9D%E5%BF%83%EF%BC%8C%E5%8F%AA%E5%8F%91%E5%B9%B2%E8%B4%A7%EF%BC%81&,考研竞赛数学 高等数学、线性代数、数学实验，研究生数学入学考试、大学生数学竞赛、数学文化、数学软件，大学生活等内容，对于课程涵盖知识点、典型例题、习题和思想、方法的解析！不忘初心，只发干货！ - 搜狗搜索,2018/5/15 0:22:03,1,http://zhihu.sogou.com/zhihu?ie=utf8&p=73351201&query=%E8%80%83%E7%A0%94%E7%AB%9E%E8%B5%9B%E6%95%B0%E5%AD%A6%20%E9%AB%98%E7%AD%89%E6%95%B0%E5%AD%A6%E3%80%81%E7%BA%BF%E6%80%A7%E4%BB%A3%E6%95%B0%E3%80%81%E6%95%B0%E5%AD%A6%E5%AE%9E%E9%AA%8C%EF%BC%8C%E7%A0%94%E7%A9%B6%E7%94%9F%E6%95%B0%E5%AD%A6%E5%85%A5%E5%AD%A6%E8%80%83%E8%AF%95%E3%80%81%E5%A4%A7%E5%AD%A6%E7%94%9F%E6%95%B0%E5%AD%A6%E7%AB%9E%E8%B5%9B%E3%80%81%E6%95%B0%E5%AD%A6%E6%96%87%E5%8C%96%E3%80%81%E6%95%B0%E5%AD%A6%E8%BD%AF%E4%BB%B6%EF%BC%8C%E5%A4%A7%E5%AD%A6%E7%94%9F%E6%B4%BB%E7%AD%89%E5%86%85%E5%AE%B9%EF%BC%8C%E5%AF%B9%E4%BA%8E%E8%AF%BE%E7%A8%8B%E6%B6%B5%E7%9B%96%E7%9F%A5%E8%AF%86%E7%82%B9%E3%80%81%E5%85%B8%E5%9E%8B%E4%BE%8B%E9%A2%98%E3%80%81%E4%B9%A0%E9%A2%98%E5%92%8C%E6%80%9D%E6%83%B3%E3%80%81%E6%96%B9%E6%B3%95%E7%9A%84%E8%A7%A3%E6%9E%90%EF%BC%81%E4%B8%8D%E5%BF%98%E5%88%9D%E5%BF%83%EF%BC%8C%E5%8F%AA%E5%8F%91%E5%B9%B2%E8%B4%A7%EF%BC%81,Link,Chrome,mayu2,Default,900,0
http://zhihu.sogou.com/zhihu?ie=utf8&p=73351201&query=%E8%80%83%E7%A0%94%E7%AB%9E%E8%B5%9B%E6%95%B0%E5%AD%A6%20%E9%AB%98%E7%AD%89%E6%95%B0%E5%AD%A6%E3%80%81%E7%BA%BF%E6%80%A7%E4%BB%A3%E6%95%B0%E3%80%81%E6%95%B0%E5%AD%A6%E5%AE%9E%E9%AA%8C%EF%BC%8C%E7%A0%94%E7%A9%B6%E7%94%9F%E6%95%B0%E5%AD%A6%E5%85%A5%E5%AD%A6%E8%80%83%E8%AF%95%E3%80%81%E5%A4%A7%E5%AD%A6%E7%94%9F%E6%95%B0%E5%AD%A6%E7%AB%9E%E8%B5%9B%E3%80%81%E6%95%B0%E5%AD%A6%E6%96%87%E5%8C%96%E3%80%81%E6%95%B0%E5%AD%A6%E8%BD%AF%E4%BB%B6%EF%BC%8C%E5%A4%A7%E5%AD%A6%E7%94%9F%E6%B4%BB%E7%AD%89%E5%86%85%E5%AE%B9%EF%BC%8C%E5%AF%B9%E4%BA%8E%E8%AF%BE%E7%A8%8B%E6%B6%B5%E7%9B%96%E7%9F%A5%E8%AF%86%E7%82%B9%E3%80%81%E5%85%B8%E5%9E%8B%E4%BE%8B%E9%A2%98%E3%80%81%E4%B9%A0%E9%A2%98%E5%92%8C%E6%80%9D%E6%83%B3%E3%80%81%E6%96%B9%E6%B3%95%E7%9A%84%E8%A7%A3%E6%9E%90%EF%BC%81%E4%B8%8D%E5%BF%98%E5%88%9D%E5%BF%83%EF%BC%8C%E5%8F%AA%E5%8F%91%E5%B9%B2%E8%B4%A7%EF%BC%81,考研竞赛数学 高等数学、线性代数、数学实验，研究生数学入学考试、大学生数学竞赛、数学文化、数学软件，大学生活等内容，对于课程涵盖知识点、典型例题、习题和思想、方法的解析！不忘初心，只发干货！ C 搜狗知乎搜索,2018/5/15 0:21:58,1,http://weixin.sogou.com/weixin?p=01030402&query=%E8%80%83%E7%A0%94%E7%AB%9E%E8%B5%9B%E6%95%B0%E5%AD%A6%20%E9%AB%98%E7%AD%89%E6%95%B0%E5%AD%A6%E3%80%81%E7%BA%BF%E6%80%A7%E4%BB%A3%E6%95%B0%E3%80%81%E6%95%B0%E5%AD%A6%E5%AE%9E%E9%AA%8C%EF%BC%8C%E7%A0%94%E7%A9%B6%E7%94%9F%E6%95%B0%E5%AD%A6%E5%85%A5%E5%AD%A6%E8%80%83%E8%AF%95%E3%80%81%E5%A4%A7%E5%AD%A6%E7%94%9F%E6%95%B0%E5%AD%A6%E7%AB%9E%E8%B5%9B%E3%80%81%E6%95%B0%E5%AD%A6%E6%96%87%E5%8C%96%E3%80%81%E6%95%B0%E5%AD%A6%E8%BD%AF%E4%BB%B6%EF%BC%8C%E5%A4%A7%E5%AD%A6%E7%94%9F%E6%B4%BB%E7%AD%89%E5%86%85%E5%AE%B9%EF%BC%8C%E5%AF%B9%E4%BA%8E%E8%AF%BE%E7%A8%8B%E6%B6%B5%E7%9B%96%E7%9F%A5%E8%AF%86%E7%82%B9%E3%80%81%E5%85%B8%E5%9E%8B%E4%BE%8B%E9%A2%98%E3%80%81%E4%B9%A0%E9%A2%98%E5%92%8C%E6%80%9D%E6%83%B3%E3%80%81%E6%96%B9%E6%B3%95%E7%9A%84%E8%A7%A3%E6%9E%90%EF%BC%81%E4%B8%8D%E5%BF%98%E5%88%9D%E5%BF%83%EF%BC%8C%E5%8F%AA%E5%8F%91%E5%B9%B2%E8%B4%A7%EF%BC%81&type=2&ie=utf8,Link,Chrome,mayu2,Default,903,0
http://weixin.sogou.com/weixin?p=01030402&query=%E8%80%83%E7%A0%94%E7%AB%9E%E8%B5%9B%E6%95%B0%E5%AD%A6%20%E9%AB%98%E7%AD%89%E6%95%B0%E5%AD%A6%E3%80%81%E7%BA%BF%E6%80%A7%E4%BB%A3%E6%95%B0%E3%80%81%E6%95%B0%E5%AD%A6%E5%AE%9E%E9%AA%8C%EF%BC%8C%E7%A0%94%E7%A9%B6%E7%94%9F%E6%95%B0%E5%AD%A6%E5%85%A5%E5%AD%A6%E8%80%83%E8%AF%95%E3%80%81%E5%A4%A7%E5%AD%A6%E7%94%9F%E6%95%B0%E5%AD%A6%E7%AB%9E%E8%B5%9B%E3%80%81%E6%95%B0%E5%AD%A6%E6%96%87%E5%8C%96%E3%80%81%E6%95%B0%E5%AD%A6%E8%BD%AF%E4%BB%B6%EF%BC%8C%E5%A4%A7%E5%AD%A6%E7%94%9F%E6%B4%BB%E7%AD%89%E5%86%85%E5%AE%B9%EF%BC%8C%E5%AF%B9%E4%BA%8E%E8%AF%BE%E7%A8%8B%E6%B6%B5%E7%9B%96%E7%9F%A5%E8%AF%86%E7%82%B9%E3%80%81%E5%85%B8%E5%9E%8B%E4%BE%8B%E9%A2%98%E3%80%81%E4%B9%A0%E9%A2%98%E5%92%8C%E6%80%9D%E6%83%B3%E3%80%81%E6%96%B9%E6%B3%95%E7%9A%84%E8%A7%A3%E6%9E%90%EF%BC%81%E4%B8%8D%E5%BF%98%E5%88%9D%E5%BF%83%EF%BC%8C%E5%8F%AA%E5%8F%91%E5%B9%B2%E8%B4%A7%EF%BC%81&type=2&ie=utf8,考研竞赛数学 高等数学、线性代数、数学实验，研究生数学入学考试、大学生数学竞赛、数学文化、数学软件，大学生活等内容，对于课程涵盖知识点、典型例题、习题和思想、方法的解析！不忘初心，只发干货！的相关微信公众号文章 C 搜狗微信搜索,2018/5/15 0:21:49,1,,Link,Chrome,mayu2,Default,912,0
https://www.sogou.com/web?ie=utf8&query=%E8%80%83%E7%A0%94%E7%AB%9E%E8%B5%9B%E6%95%B0%E5%AD%A6%20%E9%AB%98%E7%AD%89%E6%95%B0%E5%AD%A6%E3%80%81%E7%BA%BF%E6%80%A7%E4%BB%A3%E6%95%B0%E3%80%81%E6%95%B0%E5%AD%A6%E5%AE%9E%E9%AA%8C%EF%BC%8C%E7%A0%94%E7%A9%B6%E7%94%9F%E6%95%B0%E5%AD%A6%E5%85%A5%E5%AD%A6%E8%80%83%E8%AF%95%E3%80%81%E5%A4%A7%E5%AD%A6%E7%94%9F%E6%95%B0%E5%AD%A6%E7%AB%9E%E8%B5%9B%E3%80%81%E6%95%B0%E5%AD%A6%E6%96%87%E5%8C%96%E3%80%81%E6%95%B0%E5%AD%A6%E8%BD%AF%E4%BB%B6%EF%BC%8C%E5%A4%A7%E5%AD%A6%E7%94%9F%E6%B4%BB%E7%AD%89%E5%86%85%E5%AE%B9%EF%BC%8C%E5%AF%B9%E4%BA%8E%E8%AF%BE%E7%A8%8B%E6%B6%B5%E7%9B%96%E7%9F%A5%E8%AF%86%E7%82%B9%E3%80%81%E5%85%B8%E5%9E%8B%E4%BE%8B%E9%A2%98%E3%80%81%E4%B9%A0%E9%A2%98%E5%92%8C%E6%80%9D%E6%83%B3%E3%80%81%E6%96%B9%E6%B3%95%E7%9A%84%E8%A7%A3%E6%9E%90%EF%BC%81%E4%B8%8D%E5%BF%98%E5%88%9D%E5%BF%83%EF%BC%8C%E5%8F%AA%E5%8F%91%E5%B9%B2%E8%B4%A7%EF%BC%81,考研竞赛数学 高等数学、线性代数、数学实验，研究生数学入学考试、大学生数学竞赛、数学文化、数学软件，大学生活等内容，对于课程涵盖知识点、典型例题、习题和思想、方法的解析！不忘初心，只发干货！ - 搜狗搜索,2018/5/15 0:21:47,3,https://sg.search.yahoo.com/search?p=%E8%80%83%E7%A0%94%E7%AB%9E%E8%B5%9B%E6%95%B0%E5%AD%A6%20%E9%AB%98%E7%AD%89%E6%95%B0%E5%AD%A6%E3%80%81%E7%BA%BF%E6%80%A7%E4%BB%A3%E6%95%B0%E3%80%81%E6%95%B0%E5%AD%A6%E5%AE%9E%E9%AA%8C%EF%BC%8C%E7%A0%94%E7%A9%B6%E7%94%9F%E6%95%B0%E5%AD%A6%E5%85%A5%E5%AD%A6%E8%80%83%E8%AF%95%E3%80%81%E5%A4%A7%E5%AD%A6%E7%94%9F%E6%95%B0%E5%AD%A6%E7%AB%9E%E8%B5%9B%E3%80%81%E6%95%B0%E5%AD%A6%E6%96%87%E5%8C%96%E3%80%81%E6%95%B0%E5%AD%A6%E8%BD%AF%E4%BB%B6%EF%BC%8C%E5%A4%A7%E5%AD%A6%E7%94%9F%E6%B4%BB%E7%AD%89%E5%86%85%E5%AE%B9%EF%BC%8C%E5%AF%B9%E4%BA%8E%E8%AF%BE%E7%A8%8B%E6%B6%B5%E7%9B%96%E7%9F%A5%E8%AF%86%E7%82%B9%E3%80%81%E5%85%B8%E5%9E%8B%E4%BE%8B%E9%A2%98%E3%80%81%E4%B9%A0%E9%A2%98%E5%92%8C%E6%80%9D%E6%83%B3%E3%80%81%E6%96%B9%E6%B3%95%E7%9A%84%E8%A7%A3%E6%9E%90%EF%BC%81%E4%B8%8D%E5%BF%98%E5%88%9D%E5%BF%83%EF%BC%8C%E5%8F%AA%E5%8F%91%E5%B9%B2%E8%B4%A7%EF%BC%81,Link,Chrome,mayu2,Default,889,0
https://sg.search.yahoo.com/search?p=%E8%80%83%E7%A0%94%E7%AB%9E%E8%B5%9B%E6%95%B0%E5%AD%A6%20%E9%AB%98%E7%AD%89%E6%95%B0%E5%AD%A6%E3%80%81%E7%BA%BF%E6%80%A7%E4%BB%A3%E6%95%B0%E3%80%81%E6%95%B0%E5%AD%A6%E5%AE%9E%E9%AA%8C%EF%BC%8C%E7%A0%94%E7%A9%B6%E7%94%9F%E6%95%B0%E5%AD%A6%E5%85%A5%E5%AD%A6%E8%80%83%E8%AF%95%E3%80%81%E5%A4%A7%E5%AD%A6%E7%94%9F%E6%95%B0%E5%AD%A6%E7%AB%9E%E8%B5%9B%E3%80%81%E6%95%B0%E5%AD%A6%E6%96%87%E5%8C%96%E3%80%81%E6%95%B0%E5%AD%A6%E8%BD%AF%E4%BB%B6%EF%BC%8C%E5%A4%A7%E5%AD%A6%E7%94%9F%E6%B4%BB%E7%AD%89%E5%86%85%E5%AE%B9%EF%BC%8C%E5%AF%B9%E4%BA%8E%E8%AF%BE%E7%A8%8B%E6%B6%B5%E7%9B%96%E7%9F%A5%E8%AF%86%E7%82%B9%E3%80%81%E5%85%B8%E5%9E%8B%E4%BE%8B%E9%A2%98%E3%80%81%E4%B9%A0%E9%A2%98%E5%92%8C%E6%80%9D%E6%83%B3%E3%80%81%E6%96%B9%E6%B3%95%E7%9A%84%E8%A7%A3%E6%9E%90%EF%BC%81%E4%B8%8D%E5%BF%98%E5%88%9D%E5%BF%83%EF%BC%8C%E5%8F%AA%E5%8F%91%E5%B9%B2%E8%B4%A7%EF%BC%81,考研竞赛数学 高等数学、线性代数、数学实验，研究生数学入学考试、大学生数学竞赛、数学文化、数学软件，大学生活等内容，对于课程涵盖知识点、典型例题、习题和思想、方法的解析！不忘初心，只发干货！ - Yahoo Search Results,2018/5/15 0:21:40,1,https://www.sogou.com/web?ie=utf8&query=%E8%80%83%E7%A0%94%E7%AB%9E%E8%B5%9B%E6%95%B0%E5%AD%A6%20%E9%AB%98%E7%AD%89%E6%95%B0%E5%AD%A6%E3%80%81%E7%BA%BF%E6%80%A7%E4%BB%A3%E6%95%B0%E3%80%81%E6%95%B0%E5%AD%A6%E5%AE%9E%E9%AA%8C%EF%BC%8C%E7%A0%94%E7%A9%B6%E7%94%9F%E6%95%B0%E5%AD%A6%E5%85%A5%E5%AD%A6%E8%80%83%E8%AF%95%E3%80%81%E5%A4%A7%E5%AD%A6%E7%94%9F%E6%95%B0%E5%AD%A6%E7%AB%9E%E8%B5%9B%E3%80%81%E6%95%B0%E5%AD%A6%E6%96%87%E5%8C%96%E3%80%81%E6%95%B0%E5%AD%A6%E8%BD%AF%E4%BB%B6%EF%BC%8C%E5%A4%A7%E5%AD%A6%E7%94%9F%E6%B4%BB%E7%AD%89%E5%86%85%E5%AE%B9%EF%BC%8C%E5%AF%B9%E4%BA%8E%E8%AF%BE%E7%A8%8B%E6%B6%B5%E7%9B%96%E7%9F%A5%E8%AF%86%E7%82%B9%E3%80%81%E5%85%B8%E5%9E%8B%E4%BE%8B%E9%A2%98%E3%80%81%E4%B9%A0%E9%A2%98%E5%92%8C%E6%80%9D%E6%83%B3%E3%80%81%E6%96%B9%E6%B3%95%E7%9A%84%E8%A7%A3%E6%9E%90%EF%BC%81%E4%B8%8D%E5%BF%98%E5%88%9D%E5%BF%83%EF%BC%8C%E5%8F%AA%E5%8F%91%E5%B9%B2%E8%B4%A7%EF%BC%81,Link,Chrome,mayu2,Default,886,0
https://www.sogou.com/web?ie=utf8&query=%E8%80%83%E7%A0%94%E7%AB%9E%E8%B5%9B%E6%95%B0%E5%AD%A6%20%E9%AB%98%E7%AD%89%E6%95%B0%E5%AD%A6%E3%80%81%E7%BA%BF%E6%80%A7%E4%BB%A3%E6%95%B0%E3%80%81%E6%95%B0%E5%AD%A6%E5%AE%9E%E9%AA%8C%EF%BC%8C%E7%A0%94%E7%A9%B6%E7%94%9F%E6%95%B0%E5%AD%A6%E5%85%A5%E5%AD%A6%E8%80%83%E8%AF%95%E3%80%81%E5%A4%A7%E5%AD%A6%E7%94%9F%E6%95%B0%E5%AD%A6%E7%AB%9E%E8%B5%9B%E3%80%81%E6%95%B0%E5%AD%A6%E6%96%87%E5%8C%96%E3%80%81%E6%95%B0%E5%AD%A6%E8%BD%AF%E4%BB%B6%EF%BC%8C%E5%A4%A7%E5%AD%A6%E7%94%9F%E6%B4%BB%E7%AD%89%E5%86%85%E5%AE%B9%EF%BC%8C%E5%AF%B9%E4%BA%8E%E8%AF%BE%E7%A8%8B%E6%B6%B5%E7%9B%96%E7%9F%A5%E8%AF%86%E7%82%B9%E3%80%81%E5%85%B8%E5%9E%8B%E4%BE%8B%E9%A2%98%E3%80%81%E4%B9%A0%E9%A2%98%E5%92%8C%E6%80%9D%E6%83%B3%E3%80%81%E6%96%B9%E6%B3%95%E7%9A%84%E8%A7%A3%E6%9E%90%EF%BC%81%E4%B8%8D%E5%BF%98%E5%88%9D%E5%BF%83%EF%BC%8C%E5%8F%AA%E5%8F%91%E5%B9%B2%E8%B4%A7%EF%BC%81,考研竞赛数学 高等数学、线性代数、数学实验，研究生数学入学考试、大学生数学竞赛、数学文化、数学软件，大学生活等内容，对于课程涵盖知识点、典型例题、习题和思想、方法的解析！不忘初心，只发干货！ - 搜狗搜索,2018/5/15 0:21:37,3,,Link,Chrome,mayu2,Default,889,0
https://www.bing.com/search?q=%E8%80%83%E7%A0%94%E7%AB%9E%E8%B5%9B%E6%95%B0%E5%AD%A6%20%E9%AB%98%E7%AD%89%E6%95%B0%E5%AD%A6%E3%80%81%E7%BA%BF%E6%80%A7%E4%BB%A3%E6%95%B0%E3%80%81%E6%95%B0%E5%AD%A6%E5%AE%9E%E9%AA%8C%EF%BC%8C%E7%A0%94%E7%A9%B6%E7%94%9F%E6%95%B0%E5%AD%A6%E5%85%A5%E5%AD%A6%E8%80%83%E8%AF%95%E3%80%81%E5%A4%A7%E5%AD%A6%E7%94%9F%E6%95%B0%E5%AD%A6%E7%AB%9E%E8%B5%9B%E3%80%81%E6%95%B0%E5%AD%A6%E6%96%87%E5%8C%96%E3%80%81%E6%95%B0%E5%AD%A6%E8%BD%AF%E4%BB%B6%EF%BC%8C%E5%A4%A7%E5%AD%A6%E7%94%9F%E6%B4%BB%E7%AD%89%E5%86%85%E5%AE%B9%EF%BC%8C%E5%AF%B9%E4%BA%8E%E8%AF%BE%E7%A8%8B%E6%B6%B5%E7%9B%96%E7%9F%A5%E8%AF%86%E7%82%B9%E3%80%81%E5%85%B8%E5%9E%8B%E4%BE%8B%E9%A2%98%E3%80%81%E4%B9%A0%E9%A2%98%E5%92%8C%E6%80%9D%E6%83%B3%E3%80%81%E6%96%B9%E6%B3%95%E7%9A%84%E8%A7%A3%E6%9E%90%EF%BC%81%E4%B8%8D%E5%BF%98%E5%88%9D%E5%BF%83%EF%BC%8C%E5%8F%AA%E5%8F%91%E5%B9%B2%E8%B4%A7%EF%BC%81,考研竞赛数学 高等数学、线性代数、数学实验，研究生数学入学考试、大学生数学竞赛、数学文化、数学软件，大学生活等内容，对于课程涵盖知识点、典型例题、习题和思想、方法的解析！不忘初心，只发干货！ - 国内版 Bing,2018/5/15 0:21:29,1,https://www.sogou.com/web?ie=utf8&query=%E8%80%83%E7%A0%94%E7%AB%9E%E8%B5%9B%E6%95%B0%E5%AD%A6%20%E9%AB%98%E7%AD%89%E6%95%B0%E5%AD%A6%E3%80%81%E7%BA%BF%E6%80%A7%E4%BB%A3%E6%95%B0%E3%80%81%E6%95%B0%E5%AD%A6%E5%AE%9E%E9%AA%8C%EF%BC%8C%E7%A0%94%E7%A9%B6%E7%94%9F%E6%95%B0%E5%AD%A6%E5%85%A5%E5%AD%A6%E8%80%83%E8%AF%95%E3%80%81%E5%A4%A7%E5%AD%A6%E7%94%9F%E6%95%B0%E5%AD%A6%E7%AB%9E%E8%B5%9B%E3%80%81%E6%95%B0%E5%AD%A6%E6%96%87%E5%8C%96%E3%80%81%E6%95%B0%E5%AD%A6%E8%BD%AF%E4%BB%B6%EF%BC%8C%E5%A4%A7%E5%AD%A6%E7%94%9F%E6%B4%BB%E7%AD%89%E5%86%85%E5%AE%B9%EF%BC%8C%E5%AF%B9%E4%BA%8E%E8%AF%BE%E7%A8%8B%E6%B6%B5%E7%9B%96%E7%9F%A5%E8%AF%86%E7%82%B9%E3%80%81%E5%85%B8%E5%9E%8B%E4%BE%8B%E9%A2%98%E3%80%81%E4%B9%A0%E9%A2%98%E5%92%8C%E6%80%9D%E6%83%B3%E3%80%81%E6%96%B9%E6%B3%95%E7%9A%84%E8%A7%A3%E6%9E%90%EF%BC%81%E4%B8%8D%E5%BF%98%E5%88%9D%E5%BF%83%EF%BC%8C%E5%8F%AA%E5%8F%91%E5%B9%B2%E8%B4%A7%EF%BC%81,Link,Chrome,mayu2,Default,879,0
https://cn.bing.com/search?q=%E8%80%83%E7%A0%94%E7%AB%9E%E8%B5%9B%E6%95%B0%E5%AD%A6%20%E9%AB%98%E7%AD%89%E6%95%B0%E5%AD%A6%E3%80%81%E7%BA%BF%E6%80%A7%E4%BB%A3%E6%95%B0%E3%80%81%E6%95%B0%E5%AD%A6%E5%AE%9E%E9%AA%8C%EF%BC%8C%E7%A0%94%E7%A9%B6%E7%94%9F%E6%95%B0%E5%AD%A6%E5%85%A5%E5%AD%A6%E8%80%83%E8%AF%95%E3%80%81%E5%A4%A7%E5%AD%A6%E7%94%9F%E6%95%B0%E5%AD%A6%E7%AB%9E%E8%B5%9B%E3%80%81%E6%95%B0%E5%AD%A6%E6%96%87%E5%8C%96%E3%80%81%E6%95%B0%E5%AD%A6%E8%BD%AF%E4%BB%B6%EF%BC%8C%E5%A4%A7%E5%AD%A6%E7%94%9F%E6%B4%BB%E7%AD%89%E5%86%85%E5%AE%B9%EF%BC%8C%E5%AF%B9%E4%BA%8E%E8%AF%BE%E7%A8%8B%E6%B6%B5%E7%9B%96%E7%9F%A5%E8%AF%86%E7%82%B9%E3%80%81%E5%85%B8%E5%9E%8B%E4%BE%8B%E9%A2%98%E3%80%81%E4%B9%A0%E9%A2%98%E5%92%8C%E6%80%9D%E6%83%B3%E3%80%81%E6%96%B9%E6%B3%95%E7%9A%84%E8%A7%A3%E6%9E%90%EF%BC%81%E4%B8%8D%E5%BF%98%E5%88%9D%E5%BF%83%EF%BC%8C%E5%8F%AA%E5%8F%91%E5%B9%B2%E8%B4%A7%EF%BC%81,考研竞赛数学 高等数学、线性代数、数学实验，研究生数学入学考试、大学生数学竞赛、数学文化、数学软件，大学生活等内容，对于课程涵盖知识点、典型例题、习题和思想、方法的解析！不忘初心，只发干货！ - 国内版 Bing,2018/5/15 0:21:29,1,https://www.bing.com/search?q=%E8%80%83%E7%A0%94%E7%AB%9E%E8%B5%9B%E6%95%B0%E5%AD%A6%20%E9%AB%98%E7%AD%89%E6%95%B0%E5%AD%A6%E3%80%81%E7%BA%BF%E6%80%A7%E4%BB%A3%E6%95%B0%E3%80%81%E6%95%B0%E5%AD%A6%E5%AE%9E%E9%AA%8C%EF%BC%8C%E7%A0%94%E7%A9%B6%E7%94%9F%E6%95%B0%E5%AD%A6%E5%85%A5%E5%AD%A6%E8%80%83%E8%AF%95%E3%80%81%E5%A4%A7%E5%AD%A6%E7%94%9F%E6%95%B0%E5%AD%A6%E7%AB%9E%E8%B5%9B%E3%80%81%E6%95%B0%E5%AD%A6%E6%96%87%E5%8C%96%E3%80%81%E6%95%B0%E5%AD%A6%E8%BD%AF%E4%BB%B6%EF%BC%8C%E5%A4%A7%E5%AD%A6%E7%94%9F%E6%B4%BB%E7%AD%89%E5%86%85%E5%AE%B9%EF%BC%8C%E5%AF%B9%E4%BA%8E%E8%AF%BE%E7%A8%8B%E6%B6%B5%E7%9B%96%E7%9F%A5%E8%AF%86%E7%82%B9%E3%80%81%E5%85%B8%E5%9E%8B%E4%BE%8B%E9%A2%98%E3%80%81%E4%B9%A0%E9%A2%98%E5%92%8C%E6%80%9D%E6%83%B3%E3%80%81%E6%96%B9%E6%B3%95%E7%9A%84%E8%A7%A3%E6%9E%90%EF%BC%81%E4%B8%8D%E5%BF%98%E5%88%9D%E5%BF%83%EF%BC%8C%E5%8F%AA%E5%8F%91%E5%B9%B2%E8%B4%A7%EF%BC%81,Link,Chrome,mayu2,Default,878,0
https://www.sogou.com/web?ie=utf8&query=%E8%80%83%E7%A0%94%E7%AB%9E%E8%B5%9B%E6%95%B0%E5%AD%A6%20%E9%AB%98%E7%AD%89%E6%95%B0%E5%AD%A6%E3%80%81%E7%BA%BF%E6%80%A7%E4%BB%A3%E6%95%B0%E3%80%81%E6%95%B0%E5%AD%A6%E5%AE%9E%E9%AA%8C%EF%BC%8C%E7%A0%94%E7%A9%B6%E7%94%9F%E6%95%B0%E5%AD%A6%E5%85%A5%E5%AD%A6%E8%80%83%E8%AF%95%E3%80%81%E5%A4%A7%E5%AD%A6%E7%94%9F%E6%95%B0%E5%AD%A6%E7%AB%9E%E8%B5%9B%E3%80%81%E6%95%B0%E5%AD%A6%E6%96%87%E5%8C%96%E3%80%81%E6%95%B0%E5%AD%A6%E8%BD%AF%E4%BB%B6%EF%BC%8C%E5%A4%A7%E5%AD%A6%E7%94%9F%E6%B4%BB%E7%AD%89%E5%86%85%E5%AE%B9%EF%BC%8C%E5%AF%B9%E4%BA%8E%E8%AF%BE%E7%A8%8B%E6%B6%B5%E7%9B%96%E7%9F%A5%E8%AF%86%E7%82%B9%E3%80%81%E5%85%B8%E5%9E%8B%E4%BE%8B%E9%A2%98%E3%80%81%E4%B9%A0%E9%A2%98%E5%92%8C%E6%80%9D%E6%83%B3%E3%80%81%E6%96%B9%E6%B3%95%E7%9A%84%E8%A7%A3%E6%9E%90%EF%BC%81%E4%B8%8D%E5%BF%98%E5%88%9D%E5%BF%83%EF%BC%8C%E5%8F%AA%E5%8F%91%E5%B9%B2%E8%B4%A7%EF%BC%81,考研竞赛数学 高等数学、线性代数、数学实验，研究生数学入学考试、大学生数学竞赛、数学文化、数学软件，大学生活等内容，对于课程涵盖知识点、典型例题、习题和思想、方法的解析！不忘初心，只发干货！ - 搜狗搜索,2018/5/15 0:21:19,3,https://www.google.com.hk/search?q=%E8%80%83%E7%A0%94%E7%AB%9E%E8%B5%9B%E6%95%B0%E5%AD%A6+%E9%AB%98%E7%AD%89%E6%95%B0%E5%AD%A6%E3%80%81%E7%BA%BF%E6%80%A7%E4%BB%A3%E6%95%B0%E3%80%81%E6%95%B0%E5%AD%A6%E5%AE%9E%E9%AA%8C%EF%BC%8C%E7%A0%94%E7%A9%B6%E7%94%9F%E6%95%B0%E5%AD%A6%E5%85%A5%E5%AD%A6%E8%80%83%E8%AF%95%E3%80%81%E5%A4%A7%E5%AD%A6%E7%94%9F%E6%95%B0%E5%AD%A6%E7%AB%9E%E8%B5%9B%E3%80%81%E6%95%B0%E5%AD%A6%E6%96%87%E5%8C%96%E3%80%81%E6%95%B0%E5%AD%A6%E8%BD%AF%E4%BB%B6%EF%BC%8C%E5%A4%A7%E5%AD%A6%E7%94%9F%E6%B4%BB%E7%AD%89%E5%86%85%E5%AE%B9%EF%BC%8C%E5%AF%B9%E4%BA%8E%E8%AF%BE%E7%A8%8B%E6%B6%B5%E7%9B%96%E7%9F%A5%E8%AF%86%E7%82%B9%E3%80%81%E5%85%B8%E5%9E%8B%E4%BE%8B%E9%A2%98%E3%80%81%E4%B9%A0%E9%A2%98%E5%92%8C%E6%80%9D%E6%83%B3%E3%80%81%E6%96%B9%E6%B3%95%E7%9A%84%E8%A7%A3%E6%9E%90%EF%BC%81%E4%B8%8D%E5%BF%98%E5%88%9D%E5%BF%83%EF%BC%8C%E5%8F%AA%E5%8F%91%E5%B9%B2%E8%B4%A7%EF%BC%81&rlz=1C1CHWL_zh-CNJP736&oq=%E8%80%83%E7%A0%94%E7%AB%9E%E8%B5%9B%E6%95%B0%E5%AD%A6+%E9%AB%98%E7%AD%89%E6%95%B0%E5%AD%A6%E3%80%81%E7%BA%BF%E6%80%A7%E4%BB%A3%E6%95%B0%E3%80%81%E6%95%B0%E5%AD%A6%E5%AE%9E%E9%AA%8C%EF%BC%8C%E7%A0%94%E7%A9%B6%E7%94%9F%E6%95%B0%E5%AD%A6%E5%85%A5%E5%AD%A6%E8%80%83%E8%AF%95%E3%80%81%E5%A4%A7%E5%AD%A6%E7%94%9F%E6%95%B0%E5%AD%A6%E7%AB%9E%E8%B5%9B%E3%80%81%E6%95%B0%E5%AD%A6%E6%96%87%E5%8C%96%E3%80%81%E6%95%B0%E5%AD%A6%E8%BD%AF%E4%BB%B6%EF%BC%8C%E5%A4%A7%E5%AD%A6%E7%94%9F%E6%B4%BB%E7%AD%89%E5%86%85%E5%AE%B9%EF%BC%8C%E5%AF%B9%E4%BA%8E%E8%AF%BE%E7%A8%8B%E6%B6%B5%E7%9B%96%E7%9F%A5%E8%AF%86%E7%82%B9%E3%80%81%E5%85%B8%E5%9E%8B%E4%BE%8B%E9%A2%98%E3%80%81%E4%B9%A0%E9%A2%98%E5%92%8C%E6%80%9D%E6%83%B3%E3%80%81%E6%96%B9%E6%B3%95%E7%9A%84%E8%A7%A3%E6%9E%90%EF%BC%81%E4%B8%8D%E5%BF%98%E5%88%9D%E5%BF%83%EF%BC%8C%E5%8F%AA%E5%8F%91%E5%B9%B2%E8%B4%A7%EF%BC%81&aqs=chrome..69i57&sourceid=chrome&ie=UTF-8,Link,Chrome,mayu2,Default,889,0
https://www.google.com.hk/search?q=%E8%80%83%E7%A0%94%E7%AB%9E%E8%B5%9B%E6%95%B0%E5%AD%A6+%E9%AB%98%E7%AD%89%E6%95%B0%E5%AD%A6%E3%80%81%E7%BA%BF%E6%80%A7%E4%BB%A3%E6%95%B0%E3%80%81%E6%95%B0%E5%AD%A6%E5%AE%9E%E9%AA%8C%EF%BC%8C%E7%A0%94%E7%A9%B6%E7%94%9F%E6%95%B0%E5%AD%A6%E5%85%A5%E5%AD%A6%E8%80%83%E8%AF%95%E3%80%81%E5%A4%A7%E5%AD%A6%E7%94%9F%E6%95%B0%E5%AD%A6%E7%AB%9E%E8%B5%9B%E3%80%81%E6%95%B0%E5%AD%A6%E6%96%87%E5%8C%96%E3%80%81%E6%95%B0%E5%AD%A6%E8%BD%AF%E4%BB%B6%EF%BC%8C%E5%A4%A7%E5%AD%A6%E7%94%9F%E6%B4%BB%E7%AD%89%E5%86%85%E5%AE%B9%EF%BC%8C%E5%AF%B9%E4%BA%8E%E8%AF%BE%E7%A8%8B%E6%B6%B5%E7%9B%96%E7%9F%A5%E8%AF%86%E7%82%B9%E3%80%81%E5%85%B8%E5%9E%8B%E4%BE%8B%E9%A2%98%E3%80%81%E4%B9%A0%E9%A2%98%E5%92%8C%E6%80%9D%E6%83%B3%E3%80%81%E6%96%B9%E6%B3%95%E7%9A%84%E8%A7%A3%E6%9E%90%EF%BC%81%E4%B8%8D%E5%BF%98%E5%88%9D%E5%BF%83%EF%BC%8C%E5%8F%AA%E5%8F%91%E5%B9%B2%E8%B4%A7%EF%BC%81&rlz=1C1CHWL_zh-CNJP736&oq=%E8%80%83%E7%A0%94%E7%AB%9E%E8%B5%9B%E6%95%B0%E5%AD%A6+%E9%AB%98%E7%AD%89%E6%95%B0%E5%AD%A6%E3%80%81%E7%BA%BF%E6%80%A7%E4%BB%A3%E6%95%B0%E3%80%81%E6%95%B0%E5%AD%A6%E5%AE%9E%E9%AA%8C%EF%BC%8C%E7%A0%94%E7%A9%B6%E7%94%9F%E6%95%B0%E5%AD%A6%E5%85%A5%E5%AD%A6%E8%80%83%E8%AF%95%E3%80%81%E5%A4%A7%E5%AD%A6%E7%94%9F%E6%95%B0%E5%AD%A6%E7%AB%9E%E8%B5%9B%E3%80%81%E6%95%B0%E5%AD%A6%E6%96%87%E5%8C%96%E3%80%81%E6%95%B0%E5%AD%A6%E8%BD%AF%E4%BB%B6%EF%BC%8C%E5%A4%A7%E5%AD%A6%E7%94%9F%E6%B4%BB%E7%AD%89%E5%86%85%E5%AE%B9%EF%BC%8C%E5%AF%B9%E4%BA%8E%E8%AF%BE%E7%A8%8B%E6%B6%B5%E7%9B%96%E7%9F%A5%E8%AF%86%E7%82%B9%E3%80%81%E5%85%B8%E5%9E%8B%E4%BE%8B%E9%A2%98%E3%80%81%E4%B9%A0%E9%A2%98%E5%92%8C%E6%80%9D%E6%83%B3%E3%80%81%E6%96%B9%E6%B3%95%E7%9A%84%E8%A7%A3%E6%9E%90%EF%BC%81%E4%B8%8D%E5%BF%98%E5%88%9D%E5%BF%83%EF%BC%8C%E5%8F%AA%E5%8F%91%E5%B9%B2%E8%B4%A7%EF%BC%81&aqs=chrome..69i57&sourceid=chrome&ie=UTF-8,考研竞赛数学 高等数学、线性代数、数学实验，研究生数学入学考试、大学生数学竞赛、数学文化、数学软件，大学生活等内容，对于课程涵盖知识点、典型例题、习题和思想、方法的解析！不忘初心，只发干货！ - Google 搜索,2018/5/15 0:21:09,1,,Link,Chrome,mayu2,Default,1799,0
http://www.sohu.com/a/134784902_600110,多元函数微分学及应用概念、结论与题型应用解析_搜狐教育_搜狐网,2018/5/15 0:18:48,1,,Link,Chrome,mayu2,Default,38,0
http://www.sohu.com/a/135437810_600110,二重积分的概念与性质总结与题型解析_搜狐教育_搜狐网,2018/5/15 0:18:39,1,,Link,Chrome,mayu2,Default,38,0
http://www.sohu.com/a/138812609_600110,《重积分》知识点、常用计算公式的总结与典型题_搜狐教育_搜狐网,2018/5/15 0:17:23,1,,Link,Chrome,mayu2,Default,38,0
https://www.google.com.hk/search?q=%E5%A4%A7%E9%B1%BC%E5%8F%B7&rlz=1C1CHWL_zh-CNJP736&oq=%E5%A4%A7%E9%B1%BC%E5%8F%B7&aqs=chrome..69i57j69i60l2&sourceid=chrome&ie=UTF-8,大鱼号 - Google 搜索,2018/5/15 0:07:22,1,,Link,Chrome,mayu2,Default,167,0
http://weixin.sogou.com/weixin?type=2&query=%E5%A4%A7%E9%B1%BC%E5%8F%B7&ie=utf8&s_from=input&_sug_=n&_sug_type_=1&w=01015002&oq=&ri=16&sourceid=sugg&sut=0&sst0=1526314039861&lkt=0%2C0%2C0&p=40040108,大鱼号的相关微信公众号文章 C 搜狗微信搜索,2018/5/15 0:07:20,1,http://weixin.sogou.com/,Form Submit,Chrome,mayu2,Default,198,0
http://weixin.sogou.com/,搜狗微信搜索_订阅号及文章内容独家收录，一搜即达,2018/5/15 0:07:10,3,http://weixin.sogou.com/weixin?type=2&s_from=input&query=%E5%A4%A7%E9%B1%BC%E5%8F%B7&ie=utf8&_sug_=y&_sug_type_=&w=01019900&sut=4903&sst0=1526314015287&lkt=0%2C0%2C0,Link,Chrome,mayu2,Default,24,0
http://weixin.sogou.com/weixin?type=2&s_from=input&query=%E5%A4%A7%E9%B1%BC%E5%8F%B7&ie=utf8&_sug_=y&_sug_type_=&w=01019900&sut=4903&sst0=1526314015287&lkt=0%2C0%2C0,大鱼号的相关微信公众号文章 C 搜狗微信搜索,2018/5/15 0:06:55,1,,Form Submit,Chrome,mayu2,Default,165,0
http://mp.weixin.qq.com/profile?src=3&timestamp=1526313947&ver=1&signature=tKlaq1B98Q0ArJwltNVx2gZTkFN5J*goKyucyjZzR7GZ4qUFf*5puY0bWOHOtVbmxs9kipC818X*muJZ9fszBQ==,数学考研竞赛,2018/5/15 0:05:57,1,,Link,Chrome,mayu2,Default,163,0
https://mp.weixin.qq.com/profile?src=3&timestamp=1526313947&ver=1&signature=tKlaq1B98Q0ArJwltNVx2gZTkFN5J*goKyucyjZzR7GZ4qUFf*5puY0bWOHOtVbmxs9kipC818X*muJZ9fszBQ==,数学考研竞赛,2018/5/15 0:05:57,1,http://mp.weixin.qq.com/profile?src=3&timestamp=1526313947&ver=1&signature=tKlaq1B98Q0ArJwltNVx2gZTkFN5J*goKyucyjZzR7GZ4qUFf*5puY0bWOHOtVbmxs9kipC818X*muJZ9fszBQ==,Link,Chrome,mayu2,Default,164,0
http://weixin.sogou.com/weixin?type=1&s_from=input&query=%E8%80%83%E7%A0%94%E7%AB%9E%E8%B5%9B%E6%95%B0%E5%AD%A6&ie=utf8&_sug_=n&_sug_type_=,考研竞赛数学的相关微信公众号 C 搜狗微信搜索,2018/5/15 0:05:49,2,,Form Submit,Chrome,mayu2,Default,139,0
https://mp.weixin.qq.com/profile?src=3&timestamp=1526313739&ver=1&signature=CINvBZH78YzSJSA1cn9q3RxTr6Nqbg3cQ-9eLGyix2yjHN8UHv2*QVdWFUD4xKpw1-Z5Pa9hpPotwi-X7xVG4Q==,校苑数模,2018/5/15 0:05:44,1,http://mp.weixin.qq.com/profile?src=3&timestamp=1526313739&ver=1&signature=CINvBZH78YzSJSA1cn9q3RxTr6Nqbg3cQ-9eLGyix2yjHN8UHv2*QVdWFUD4xKpw1-Z5Pa9hpPotwi-X7xVG4Q==,Link,Chrome,mayu2,Default,164,0
http://mp.weixin.qq.com/profile?src=3&timestamp=1526313739&ver=1&signature=CINvBZH78YzSJSA1cn9q3RxTr6Nqbg3cQ-9eLGyix2yjHN8UHv2*QVdWFUD4xKpw1-Z5Pa9hpPotwi-X7xVG4Q==,校苑数模,2018/5/15 0:05:44,1,,Link,Chrome,mayu2,Default,163,0
http://mp.weixin.qq.com/s?src=11&timestamp=1526313739&ver=876&signature=EoLAc18orEYEiCrSg7LVRvpYLpKX5dM0PYHAZs0GDNir*EQyowhGpeG32wicshZvfaHj0Q4mQ8mLK1Ell9a3LPKnjIUQ94DfWLjHoZAKg8fD1V8zC*Viq9U7VkCodxcr&new=1,考研数学汤家凤,2018/5/15 0:04:09,1,,Link,Chrome,mayu2,Default,206,0
https://mp.weixin.qq.com/s?src=11&timestamp=1526313739&ver=876&signature=EoLAc18orEYEiCrSg7LVRvpYLpKX5dM0PYHAZs0GDNir*EQyowhGpeG32wicshZvfaHj0Q4mQ8mLK1Ell9a3LPKnjIUQ94DfWLjHoZAKg8fD1V8zC*Viq9U7VkCodxcr&new=1,考研数学汤家凤,2018/5/15 0:04:09,1,http://mp.weixin.qq.com/s?src=11&timestamp=1526313739&ver=876&signature=EoLAc18orEYEiCrSg7LVRvpYLpKX5dM0PYHAZs0GDNir*EQyowhGpeG32wicshZvfaHj0Q4mQ8mLK1Ell9a3LPKnjIUQ94DfWLjHoZAKg8fD1V8zC*Viq9U7VkCodxcr&new=1,Link,Chrome,mayu2,Default,207,0
https://mp.weixin.qq.com/s?src=11&timestamp=1526313739&ver=876&signature=8ZRk-UtsTzZVHGXhjO6Hvs*p-67Fx51SkCrnme1WXf0o*ydKJYjn7emJlmRXUtRCYP6cwwHjgkRvQyRLrkZ2vT2a4aV*otITqTXNSxhldGS8iaUw6nO*bflAttbg1QyM&new=1,梦想CSLA,2018/5/15 0:02:29,1,http://mp.weixin.qq.com/s?src=11&timestamp=1526313739&ver=876&signature=8ZRk-UtsTzZVHGXhjO6Hvs*p-67Fx51SkCrnme1WXf0o*ydKJYjn7emJlmRXUtRCYP6cwwHjgkRvQyRLrkZ2vT2a4aV*otITqTXNSxhldGS8iaUw6nO*bflAttbg1QyM&new=1,Link,Chrome,mayu2,Default,207,0
http://mp.weixin.qq.com/s?src=11&timestamp=1526313739&ver=876&signature=8ZRk-UtsTzZVHGXhjO6Hvs*p-67Fx51SkCrnme1WXf0o*ydKJYjn7emJlmRXUtRCYP6cwwHjgkRvQyRLrkZ2vT2a4aV*otITqTXNSxhldGS8iaUw6nO*bflAttbg1QyM&new=1,梦想CSLA,2018/5/15 0:02:29,1,,Link,Chrome,mayu2,Default,206,0
http://weixin.sogou.com/weixin?type=2&s_from=input&query=%E8%80%83%E7%A0%94%E7%AB%9E%E8%B5%9B%E6%95%B0%E5%AD%A6+&ie=utf8&_sug_=y&_sug_type_=&w=01019900&sut=1209&sst0=1526313740391&lkt=1%2C1526313740290%2C1526313740290,考研竞赛数学的相关微信公众号文章 C 搜狗微信搜索,2018/5/15 0:02:20,1,http://weixin.sogou.com/weixin?p=01030402&query=%E8%80%83%E7%A0%94%E7%AB%9E%E8%B5%9B%E6%95%B0%E5%AD%A6%20%E7%99%BE%E5%AE%B6&type=2&ie=utf8,Form Submit,Chrome,mayu2,Default,217,0
http://weixin.sogou.com/weixin?p=01030402&query=%E8%80%83%E7%A0%94%E7%AB%9E%E8%B5%9B%E6%95%B0%E5%AD%A6%20%E7%99%BE%E5%AE%B6&type=2&ie=utf8,考研竞赛数学 百家的相关微信公众号文章 C 搜狗微信搜索,2018/5/15 0:02:17,1,,Link,Chrome,mayu2,Default,138,0
https://www.sogou.com/web?query=%E8%80%83%E7%A0%94%E7%AB%9E%E8%B5%9B%E6%95%B0%E5%AD%A6+%E7%99%BE%E5%AE%B6&ie=utf8&_ast=1526313600&_asf=null&w=01029901&cid=&cid=&s_from=result_up&sut=6288&sst0=1526313694201&lkt=1%2C1526313689254%2C1526313689254&sugsuv=00414ADCB7CAE8035A65D81A76C57601&sugtime=1526313694201,考研竞赛数学 百家 - 搜狗搜索,2018/5/15 0:02:12,2,,Form Submit,Chrome,mayu2,Default,305,0
https://cn.bing.com/search?q=%E8%80%83%E7%A0%94%E7%AB%9E%E8%B5%9B%E6%95%B0%E5%AD%A6%20%E7%99%BE%E5%AE%B6,考研竞赛数学 百家 - 国内版 Bing,2018/5/15 0:02:11,2,,Link,Chrome,mayu2,Default,104,0
https://cn.bing.com/search?q=%E8%80%83%E7%A0%94%E7%AB%9E%E8%B5%9B%E6%95%B0%E5%AD%A6+%E7%99%BE%E5%AE%B6%E5%8F%B7&qs=n&form=QBRE&sp=-1&pq=%E8%80%83%E7%A0%94%E7%AB%9E%E8%B5%9B%E6%95%B0%E5%AD%A6+%E7%99%BE%E5%AE%B6%E5%8F%B7&sc=0-12&sk=&cvid=E7FC6897CDFA484CB77ED72063B4AADF,考研竞赛数学 百家号 - 国内版 Bing,2018/5/15 0:02:10,2,,Form Submit,Chrome,mayu2,Default,268,0
https://cn.bing.com/search?q=%E8%80%83%E7%A0%94%E7%AB%9E%E8%B5%9B%E6%95%B0%E5%AD%A6+%E5%A4%A7%E9%B1%BC%E5%8F%B7&qs=n&form=QBRE&sp=-1&pq=%E8%80%83%E7%A0%94%E7%AB%9E%E8%B5%9B%E6%95%B0%E5%AD%A6+%E5%A4%A7%E9%B1%BC%E5%8F%B7&sc=0-12&sk=&cvid=130E1A1C449D418485FE7DAD3E646FBD,考研竞赛数学 大鱼号 - 国内版 Bing,2018/5/15 0:02:01,1,,Form Submit,Chrome,mayu2,Default,268,0
https://cn.bing.com/search?q=%E8%80%83%E7%A0%94%E7%AB%9E%E8%B5%9B%E6%95%B0%E5%AD%A6+%E7%99%BE%E5%AE%B6%E5%8F%B7&qs=n&form=QBRE&sp=-1&pq=%E8%80%83%E7%A0%94%E7%AB%9E%E8%B5%9B%E6%95%B0%E5%AD%A6+%E7%99%BE%E5%AE%B6%E5%8F%B7&sc=0-12&sk=&cvid=E7FC6897CDFA484CB77ED72063B4AADF,考研竞赛数学 百家号 - 国内版 Bing,2018/5/15 0:01:43,2,,Form Submit,Chrome,mayu2,Default,268,0
https://cn.bing.com/search?q=%E8%80%83%E7%A0%94%E7%AB%9E%E8%B5%9B%E6%95%B0%E5%AD%A6%20%E7%99%BE%E5%AE%B6,考研竞赛数学 百家 - 国内版 Bing,2018/5/15 0:01:39,2,https://www.bing.com/search?q=%E8%80%83%E7%A0%94%E7%AB%9E%E8%B5%9B%E6%95%B0%E5%AD%A6%20%E7%99%BE%E5%AE%B6,Link,Chrome,mayu2,Default,104,0
https://www.bing.com/search?q=%E8%80%83%E7%A0%94%E7%AB%9E%E8%B5%9B%E6%95%B0%E5%AD%A6%20%E7%99%BE%E5%AE%B6,考研竞赛数学 百家 - 国内版 Bing,2018/5/15 0:01:39,1,https://www.sogou.com/web?query=%E8%80%83%E7%A0%94%E7%AB%9E%E8%B5%9B%E6%95%B0%E5%AD%A6+%E7%99%BE%E5%AE%B6&ie=utf8&_ast=1526313600&_asf=null&w=01029901&cid=&cid=&s_from=result_up&sut=6288&sst0=1526313694201&lkt=1%2C1526313689254%2C1526313689254&sugsuv=00414ADCB7CAE8035A65D81A76C57601&sugtime=1526313694201,Link,Chrome,mayu2,Default,105,0
https://www.sogou.com/web?query=%E8%80%83%E7%A0%94%E7%AB%9E%E8%B5%9B%E6%95%B0%E5%AD%A6+%E7%99%BE%E5%AE%B6&ie=utf8&_ast=1526313600&_asf=null&w=01029901&cid=&cid=&s_from=result_up&sut=6288&sst0=1526313694201&lkt=1%2C1526313689254%2C1526313689254&sugsuv=00414ADCB7CAE8035A65D81A76C57601&sugtime=1526313694201,考研竞赛数学 百家 - 搜狗搜索,2018/5/15 0:01:34,2,https://www.sogou.com/web?query=%E8%80%83%E7%A0%94%E7%AB%9E%E8%B5%9B%E6%95%B0%E5%AD%A6+&ie=utf8&_ast=1526313600&_asf=null&w=01029901&cid=&s_from=result_up&sut=1985&sst0=1526313664889&lkt=0%2C0%2C0&sugsuv=00414ADCB7CAE8035A65D81A76C57601&sugtime=1526313664889,Form Submit,Chrome,mayu2,Default,305,0
https://www.sogou.com/web?query=%E8%80%83%E7%A0%94%E7%AB%9E%E8%B5%9B%E6%95%B0%E5%AD%A6+&ie=utf8&_ast=1526313600&_asf=null&w=01029901&cid=&s_from=result_up&sut=1985&sst0=1526313664889&lkt=0%2C0%2C0&sugsuv=00414ADCB7CAE8035A65D81A76C57601&sugtime=1526313664889,考研竞赛数学 - 搜狗搜索,2018/5/15 0:01:05,1,https://www.sogou.com/web?ie=utf8&query=%E8%80%83%E7%A0%94%E7%AB%9E%E8%B5%9B%E6%95%B0%E5%AD%A6%20%E5%BE%AE%E4%BF%A1,Form Submit,Chrome,mayu2,Default,258,0
https://www.sogou.com/web?ie=utf8&query=%E8%80%83%E7%A0%94%E7%AB%9E%E8%B5%9B%E6%95%B0%E5%AD%A6%20%E5%BE%AE%E4%BF%A1,考研竞赛数学 微信 - 搜狗搜索,2018/5/15 0:00:57,1,,Link,Chrome,mayu2,Default,115,0
https://chrome.google.com/webstore/detail/search2/godjlopkhiadfppdjhbekbppchinkmpi,search2 - Chrome 网上应用店,2018/5/15 0:00:38,2,,Link,Chrome,mayu2,Default,82,0
https://chrome.google.com/webstore/category/extensions,Chrome 网上应用店 - 扩展程序,2018/5/15 0:00:04,22,,Link,Chrome,mayu2,Default,54,0
https://chrome.google.com/webstore/detail/godjlopkhiadfppdjhbekbppchinkmpi,search2 - Chrome 网上应用店,2018/5/14 23:59:57,1,,Link,Chrome,mayu2,Default,74,0
https://chrome.google.com/webstore/detail/search2/godjlopkhiadfppdjhbekbppchinkmpi,search2 - Chrome 网上应用店,2018/5/14 23:59:57,2,https://chrome.google.com/webstore/detail/godjlopkhiadfppdjhbekbppchinkmpi,Link,Chrome,mayu2,Default,82,0
https://www.bing.com/search?q=%E8%80%83%E7%A0%94%E7%AB%9E%E8%B5%9B%E6%95%B0%E5%AD%A6,考研竞赛数学 - 国内版 Bing,2018/5/14 23:59:25,1,,Link,Chrome,mayu2,Default,84,0
https://cn.bing.com/search?q=%E8%80%83%E7%A0%94%E7%AB%9E%E8%B5%9B%E6%95%B0%E5%AD%A6,考研竞赛数学 - 国内版 Bing,2018/5/14 23:59:25,1,https://www.bing.com/search?q=%E8%80%83%E7%A0%94%E7%AB%9E%E8%B5%9B%E6%95%B0%E5%AD%A6,Link,Chrome,mayu2,Default,83,0
https://search.bilibili.com/all?keyword=%E8%80%83%E7%A0%94%E7%AB%9E%E8%B5%9B%E6%95%B0%E5%AD%A6&from_source=nav_search,考研竞赛数学 - 搜索结果 - 哔哩哔哩弹幕视频网 - ( b- b)つロ 乾杯~ - bilibili,2018/5/14 23:59:03,1,,Link,Chrome,mayu2,Default,117,0
https://zhuanlan.zhihu.com/p/33257485,数学建模竞赛学习导航及其资料整合,2018/5/14 23:58:49,1,http://zhuanlan.zhihu.com/p/33257485,Link,Chrome,mayu2,Default,37,0
http://zhuanlan.zhihu.com/p/33257485,数学建模竞赛学习导航及其资料整合,2018/5/14 23:58:49,1,,Link,Chrome,mayu2,Default,36,0
https://m.weibo.cn/p/100808c14e375c6873d65e8102aab815f6b3f9,#考研竞赛数学#,2018/5/14 23:58:36,6,,Link,Chrome,mayu2,Default,59,0
https://m.weibo.cn/p/100808c14e375c6873d65e8102aab815f6b3f9#&gid=1&pid=1,,2018/5/14 23:58:31,4,,Link,Chrome,mayu2,Default,72,0
https://m.weibo.cn/p/100808c14e375c6873d65e8102aab815f6b3f9,#考研竞赛数学#,2018/5/14 23:58:28,6,,Link,Chrome,mayu2,Default,59,0
https://m.weibo.cn/p/100808c14e375c6873d65e8102aab815f6b3f9#&gid=1&pid=1,,2018/5/14 23:58:09,4,,Link,Chrome,mayu2,Default,72,0
https://m.weibo.cn/p/100808c14e375c6873d65e8102aab815f6b3f9,#考研竞赛数学#,2018/5/14 23:58:06,6,,Link,Chrome,mayu2,Default,59,0
https://m.weibo.cn/p/100808c14e375c6873d65e8102aab815f6b3f9#&gid=1&pid=1,,2018/5/14 23:58:06,4,,Link,Chrome,mayu2,Default,72,0
https://m.weibo.cn/p/100808c14e375c6873d65e8102aab815f6b3f9,#考研竞赛数学#,2018/5/14 23:58:05,6,,Link,Chrome,mayu2,Default,59,0
https://m.weibo.cn/p/100808c14e375c6873d65e8102aab815f6b3f9#&gid=1&pid=1,,2018/5/14 23:58:04,4,,Link,Chrome,mayu2,Default,72,0
http://www.sohu.com/a/229725510_600110,高等数学典型习题：(100409)多元函数的方向导数_搜狐教育_搜狐网,2018/5/14 23:56:21,1,,Link,Chrome,mayu2,Default,38,0
https://www.google.com/search?newwindow=1&ei=ZLH5WpT_Gcvz8QXBtqfoDw&q=%E8%80%83%E7%A0%94%E7%AB%9E%E8%B5%9B%E6%95%B0%E5%AD%A6+%E5%BE%AE%E4%BF%A1&oq=%E8%80%83%E7%A0%94%E7%AB%9E%E8%B5%9B%E6%95%B0%E5%AD%A6+%E5%BE%AE%E4%BF%A1&gs_l=psy-ab.3...18273.24438.0.25068.18.13.5.0.0.0.149.1482.0j12.12.0.foo%2Ckpnss%3D0%2Ccfro%3D1...0...1.1j4.64.psy-ab..1.0.0....0.Si8QWGhIiDw,考研竞赛数学 微信 - Google 搜索,2018/5/14 23:55:44,1,,Form Submit,Chrome,mayu2,Default,362,0
http://mp.sohu.com/profile?xpt=b1NlSFRzOWRpZDVIRWctSy16TWdBMXg1eEZZRUB3ZWNoYXQuc29odS5jb20=,考研竞赛数学的个人展示页,2018/5/14 23:55:32,1,,Link,Chrome,mayu2,Default,91,0
https://m.weibo.cn/p/100808c14e375c6873d65e8102aab815f6b3f9,#考研竞赛数学#,2018/5/14 23:55:27,6,,Link,Chrome,mayu2,Default,59,0
https://zhuanlan.zhihu.com/kaoyanshuxue,考研/竞赛数学/数模,2018/5/14 23:55:22,1,,Link,Chrome,mayu2,Default,39,0
https://www.google.com/search?newwindow=1&ei=P7H5WoHGAsil8QXkzKfwCQ&q=%E8%80%83%E7%A0%94%E7%AB%9E%E8%B5%9B%E6%95%B0%E5%AD%A6&oq=%E8%80%83%E7%A0%94%E7%AB%9E%E8%B5%9B%E6%95%B0%E5%AD%A6&gs_l=psy-ab.3...30049.35034.0.35236.20.20.0.0.0.0.226.2070.0j14j1.15.0.foo%2Ckpnss%3D0%2Ccfro%3D1...0...1.1j4.64.psy-ab..5.7.1020...0.0.hGLlx-fViZM,考研竞赛数学 - Google 搜索,2018/5/14 23:55:17,1,,Form Submit,Chrome,mayu2,Default,330,0
https://www.google.com/search?q=%E9%AB%98%E7%AD%89%E6%95%B0%E5%AD%A6%E7%AB%9E%E8%B5%9B,高等数学竞赛 - Google 搜索,2018/5/14 23:54:40,1,,Link,Chrome,mayu2,Default,86,0
"file:///C:/Users/mayu2/Downloads/专升本高等数学（侵删）%20别投币，别收藏，别评论，可关注/35.35二元函数求极值(Av22591438,P35).Flv",,2018/5/14 22:56:23,1,,,Internet Explorer 10/11 / Edge,mayu2,,95,
https://www.bilibili.com/video/av22591438/?p=26,,2018/5/14 22:46:06,1,,Link,Chrome,mayu2,Default,47,0
https://www.bilibili.com/video/av22591438/?p=25,,2018/5/14 22:45:44,1,,Link,Chrome,mayu2,Default,47,0
https://www.bilibili.com/video/av22591438/?p=24,,2018/5/14 22:37:55,1,,Link,Chrome,mayu2,Default,47,0
"file:///C:/Users/mayu2/Downloads/专升本高等数学（侵删）%20别投币，别收藏，别评论，可关注/33.33多元隐函数求偏导(Av22591438,P33).Flv",,2018/5/14 22:31:06,1,,,Internet Explorer 10/11 / Edge,mayu2,,96,
file:///D:/tempmovie/[TSKS][2018][The.Vanished][KO_CN].mkv,,2018/5/14 22:17:10,1,,,Internet Explorer 10/11 / Edge,mayu2,,58,
file:///D:/tempmovie/7812.MP4,,2018/5/14 22:16:18,1,,,Internet Explorer 10/11 / Edge,mayu2,,29,
file:///D:/tempmovie,,2018/5/14 22:11:47,2,,,Internet Explorer 10/11 / Edge,mayu2,,20,
"file:///C:/Users/mayu2/Downloads/专升本高等数学（侵删）%20别投币，别收藏，别评论，可关注/1.01试听课%20免费(Av22591438,P1).Flv",,2018/5/14 22:06:28,1,,,Internet Explorer 10/11 / Edge,mayu2,,94,
http://service.file.ru.jijidown.com/PC/CNZZ.html?from=wpf&ver=1.209.0,,2018/5/14 22:02:22,1,,,Internet Explorer 10/11 / Edge,mayu2,,69,
https://space.bilibili.com/13390055/#/,小电视科技の频道的个人空间 - 哔哩哔哩 ( b- b)つロ 乾杯~ Bilibili,2018/5/14 21:59:21,1,,Link,Chrome,mayu2,Default,38,0
https://space.bilibili.com/13390055/,,2018/5/14 21:59:21,1,,Link,Chrome,mayu2,Default,36,0
https://space.bilibili.com/13390055,,2018/5/14 21:59:21,1,,Link,Chrome,mayu2,Default,35,0
https://www.bilibili.com/video/av20132288?from=search&seid=16565825864852774551,教程：如何在网页版B站下载视频_哔哩哔哩 (b-b)つロ 干杯~-bilibili,2018/5/14 21:57:44,1,http://www.bilibili.com/video/av20132288?from=search&seid=16565825864852774551,Link,Chrome,mayu2,Default,79,0
http://www.bilibili.com/video/av20132288?from=search&seid=16565825864852774551,教程：如何在网页版B站下载视频_哔哩哔哩 (b-b)つロ 干杯~-bilibili,2018/5/14 21:57:44,1,,Link,Chrome,mayu2,Default,78,0
https://search.bilibili.com/all?keyword=b%E7%AB%99%E8%A7%86%E9%A2%91%20%E4%B8%8B%E8%BD%BD,b站视频 下载 - 搜索结果 - 哔哩哔哩弹幕视频网 - ( b- b)つロ 乾杯~ - bilibili,2018/5/14 21:57:40,3,,Link,Chrome,mayu2,Default,89,0
http://www.bilibili.com/video/av19012670?from=search&seid=10374301027998680136,这系你没有用过的船新B站视频下载方法-非第三方-官方稳定不失效(吧)_哔哩哔哩 (b-b)つロ 干杯~-bilibili,2018/5/14 21:57:36,1,,Link,Chrome,mayu2,Default,78,0
https://www.bilibili.com/video/av19012670?from=search&seid=10374301027998680136,这系你没有用过的船新B站视频下载方法-非第三方-官方稳定不失效(吧)_哔哩哔哩 (b-b)つロ 干杯~-bilibili,2018/5/14 21:57:36,1,http://www.bilibili.com/video/av19012670?from=search&seid=10374301027998680136,Link,Chrome,mayu2,Default,79,0
https://search.bilibili.com/all?keyword=b%E7%AB%99%E8%A7%86%E9%A2%91%E4%B8%8B%E8%BD%BD,b站视频下载 - 搜索结果 - 哔哩哔哩弹幕视频网 - ( b- b)つロ 乾杯~ - bilibili,2018/5/14 21:57:30,3,,Link,Chrome,mayu2,Default,86,0
https://www.bilibili.com/video/av22591438/?p=23,,2018/5/14 21:57:19,2,,Link,Chrome,mayu2,Default,47,0
http://www.bilibili.com/video/av22591438?from=search&seid=5339817939678905101,专升本高等数学（侵删） 别投币，别收藏，别评论，可关注_哔哩哔哩 (b-b)つロ 干杯~-bilibili,2018/5/14 21:57:08,2,,Link,Chrome,mayu2,Default,77,0
https://www.bilibili.com/video/av22591438?from=search&seid=5339817939678905101,专升本高等数学（侵删） 别投币，别收藏，别评论，可关注_哔哩哔哩 (b-b)つロ 干杯~-bilibili,2018/5/14 21:57:08,2,http://www.bilibili.com/video/av22591438?from=search&seid=5339817939678905101,Link,Chrome,mayu2,Default,78,0
http://www.jijidown.com/Video/Av22591438,YPE html>专升本高等数学（侵删） 别投币，别收藏，别评论，可关注下载(AV22591438)-哔哩哔哩唧唧-bilibili视频|弹幕在线下载,2018/5/14 21:48:14,1,,Link,Chrome,mayu2,Default,40,0
http://www.bilibili.com/video/av22591438?from=search&seid=5339817939678905101,专升本高等数学（侵删） 别投币，别收藏，别评论，可关注_哔哩哔哩 (b-b)つロ 干杯~-bilibili,2018/5/14 21:48:06,2,,Link,Chrome,mayu2,Default,77,0
https://www.bilibili.com/video/av22591438?from=search&seid=5339817939678905101,专升本高等数学（侵删） 别投币，别收藏，别评论，可关注_哔哩哔哩 (b-b)つロ 干杯~-bilibili,2018/5/14 21:48:06,2,http://www.bilibili.com/video/av22591438?from=search&seid=5339817939678905101,Link,Chrome,mayu2,Default,78,0
https://search.bilibili.com/all?keyword=%E4%B8%93%E5%8D%87%E6%9C%AC%E9%AB%98%E7%AD%89%E6%95%B0%E5%AD%A6&from_source=banner_search,专升本高等数学 - 搜索结果 - 哔哩哔哩弹幕视频网 - ( b- b)つロ 乾杯~ - bilibili,2018/5/14 21:48:02,2,,Link,Chrome,mayu2,Default,129,0
https://search.bilibili.com/all?keyword=b%E7%AB%99%E8%A7%86%E9%A2%91%E4%B8%8B%E8%BD%BD,b站视频下载 - 搜索结果 - 哔哩哔哩弹幕视频网 - ( b- b)つロ 乾杯~ - bilibili,2018/5/14 21:48:02,3,,Link,Chrome,mayu2,Default,86,0
https://search.bilibili.com/all?keyword=b%E7%AB%99%E8%A7%86%E9%A2%91%20%E4%B8%8B%E8%BD%BD,b站视频 下载 - 搜索结果 - 哔哩哔哩弹幕视频网 - ( b- b)つロ 乾杯~ - bilibili,2018/5/14 21:48:01,3,,Link,Chrome,mayu2,Default,89,0
https://search.bilibili.com/all?keyword=b%E7%AB%99%E8%A7%86%E9%A2%91%20%E5%A4%9Ap%E4%B8%8B%E8%BD%BD,b站视频 多p下载 - 搜索结果 - 哔哩哔哩弹幕视频网 - ( b- b)つロ 乾杯~ - bilibili,2018/5/14 21:48:00,2,,Link,Chrome,mayu2,Default,99,0
https://search.bilibili.com/all?keyword=b%E7%AB%99%E8%A7%86%E9%A2%91%20%E5%A4%9Ap%E8%A7%86%E9%A2%91%E4%B8%8B%E8%BD%BD,b站视频 多p视频下载 - 搜索结果 - 哔哩哔哩弹幕视频网 - ( b- b)つロ 乾杯~ - bilibili,2018/5/14 21:47:59,2,,Link,Chrome,mayu2,Default,117,0
http://www.jijidown.com/video/av22591438/?p=23,YPE html>专升本高等数学（侵删） 别投币，别收藏，别评论，可关注下载(AV22591438)-哔哩哔哩唧唧-bilibili视频|弹幕在线下载,2018/5/14 21:47:40,2,https://www.bilibilijj.com/video/av22591438/?p=23,Typed URL,Chrome,mayu2,Default,46,0
https://www.bilibilijj.com/video/av22591438/?p=23,YPE html>专升本高等数学（侵删） 别投币，别收藏，别评论，可关注下载(AV22591438)-哔哩哔哩唧唧-bilibili视频|弹幕在线下载,2018/5/14 21:47:40,1,,Typed URL,Chrome,mayu2,Default,49,1
https://www.parsevideo.com/bilibili/,B站视频在线解析提取工具，哔哩哔哩bilibili视频在线下载,2018/5/14 21:46:53,1,,Link,Chrome,mayu2,Default,36,0
https://www.zhihu.com/question/49793759,(4 封私信 / 80 条消息)如何批量下载bilibili的视频？ - 知乎,2018/5/14 21:46:50,1,,Link,Chrome,mayu2,Default,39,0
https://www.apowersoft.cn/download-bilibili-video.html,如何下载bilibili视频,2018/5/14 21:46:46,1,,Link,Chrome,mayu2,Default,54,0
https://www.google.com.hk/search?q=b%E7%AB%99%E5%A4%9Ap%E8%A7%86%E9%A2%91%E4%B8%8B%E8%BD%BD&rlz=1C1CHWL_zh-CNJP736&oq=b%E7%AB%99%E5%A4%9Ap%E8%A7%86%E9%A2%91%E4%B8%8B%E8%BD%BD&aqs=chrome..69i57j69i61j69i60&sourceid=chrome&ie=UTF-8,b站多p视频下载 - Google 搜索,2018/5/14 21:46:42,1,,Link,Chrome,mayu2,Default,229,0
https://search.bilibili.com/all?keyword=b%E7%AB%99%E5%A4%9Ap%E8%A7%86%E9%A2%91%E4%B8%8B%E8%BD%BD,,2018/5/14 21:46:38,1,,Link,Chrome,mayu2,Default,96,0
https://search.bilibili.com/all?keyword=b%E7%AB%99%E8%A7%86%E9%A2%91%20%E5%A4%9Ap%E8%A7%86%E9%A2%91%E4%B8%8B%E8%BD%BD,b站视频 多p视频下载 - 搜索结果 - 哔哩哔哩弹幕视频网 - ( b- b)つロ 乾杯~ - bilibili,2018/5/14 21:46:29,2,,Link,Chrome,mayu2,Default,117,0
https://search.bilibili.com/all?keyword=b%E7%AB%99%E8%A7%86%E9%A2%91%20%E5%A4%9Ap%E4%B8%8B%E8%BD%BD,b站视频 多p下载 - 搜索结果 - 哔哩哔哩弹幕视频网 - ( b- b)つロ 乾杯~ - bilibili,2018/5/14 21:46:19,2,,Link,Chrome,mayu2,Default,99,0
https://www.bilibili.com/video/av20132288?from=search&seid=8200403725568872584,教程：如何在网页版B站下载视频_哔哩哔哩 (b-b)つロ 干杯~-bilibili,2018/5/14 21:43:37,1,http://www.bilibili.com/video/av20132288?from=search&seid=8200403725568872584,Link,Chrome,mayu2,Default,78,0
http://www.bilibili.com/video/av20132288?from=search&seid=8200403725568872584,教程：如何在网页版B站下载视频_哔哩哔哩 (b-b)つロ 干杯~-bilibili,2018/5/14 21:43:37,1,,Link,Chrome,mayu2,Default,77,0
http://www.bilibili.com/video/av17310581?from=search&seid=8200403725568872584,下载b站视频的方法（不许用此方法盗视频）_哔哩哔哩 (b-b)つロ 干杯~-bilibili,2018/5/14 21:43:36,1,,Link,Chrome,mayu2,Default,77,0
https://www.bilibili.com/video/av17310581?from=search&seid=8200403725568872584,下载b站视频的方法（不许用此方法盗视频）_哔哩哔哩 (b-b)つロ 干杯~-bilibili,2018/5/14 21:43:36,1,http://www.bilibili.com/video/av17310581?from=search&seid=8200403725568872584,Link,Chrome,mayu2,Default,78,0
https://search.bilibili.com/all?keyword=b%E7%AB%99%E8%A7%86%E9%A2%91%20%E4%B8%8B%E8%BD%BD,b站视频 下载 - 搜索结果 - 哔哩哔哩弹幕视频网 - ( b- b)つロ 乾杯~ - bilibili,2018/5/14 21:43:30,3,,Link,Chrome,mayu2,Default,89,0
https://search.bilibili.com/all?keyword=b%E7%AB%99%E8%A7%86%E9%A2%91%E4%B8%8B%E8%BD%BD,b站视频下载 - 搜索结果 - 哔哩哔哩弹幕视频网 - ( b- b)つロ 乾杯~ - bilibili,2018/5/14 21:43:25,3,,Link,Chrome,mayu2,Default,86,0
https://www.bilibili.com/video/av22591438/?p=23,,2018/5/14 21:39:02,2,,Link,Chrome,mayu2,Default,47,0
https://www.bilibili.com/video/av22591438/?p=22,,2018/5/14 21:11:49,1,,Link,Chrome,mayu2,Default,47,0
https://www.bilibili.com/video/av22591438/?p=30,,2018/5/14 21:11:49,1,,Link,Chrome,mayu2,Default,47,0
https://space.bilibili.com/266719155/#/,,2018/5/14 21:02:36,1,,Link,Chrome,mayu2,Default,39,0
https://space.bilibili.com/266719155/,,2018/5/14 21:02:36,1,,Link,Chrome,mayu2,Default,37,0
https://space.bilibili.com/266719155,3003_3的个人空间 - 哔哩哔哩 ( b- b)つロ 乾杯~ Bilibili,2018/5/14 21:02:35,1,,Link,Chrome,mayu2,Default,36,0
https://search.bilibili.com/all?keyword=%E4%B8%93%E5%8D%87%E6%9C%AC%E9%AB%98%E7%AD%89%E6%95%B0%E5%AD%A6&from_source=banner_search,专升本高等数学 - 搜索结果 - 哔哩哔哩弹幕视频网 - ( b- b)つロ 乾杯~ - bilibili,2018/5/14 21:02:24,2,,Link,Chrome,mayu2,Default,129,0
https://www.bilibili.com/video/av22591438/?p=29,,2018/5/14 21:01:11,1,,Link,Chrome,mayu2,Default,47,0
https://www.bilibili.com/video/av10712973,【帧课揖尤辉B站看高数之参数方程与极坐标_哔哩哔哩 (b-b)つロ 干杯~-bilibili,2018/5/14 20:47:14,1,,Link,Chrome,mayu2,Default,41,0
https://www.bilibili.com/video/av4844103,【帧课揖尤辉B站看高数之极♂限_哔哩哔哩 (b-b)つロ 干杯~-bilibili,2018/5/14 20:45:28,1,,Link,Chrome,mayu2,Default,40,0
https://www.bilibili.com/video/av22591438/,专升本高等数学（侵删） 别投币，别收藏，别评论，可关注_哔哩哔哩 (b-b)つロ 干杯~-bilibili,2018/5/14 20:43:45,1,,Link,Chrome,mayu2,Default,42,0
https://www.bilibili.com/video/av4809908,【帧课揖尤辉B站看高数之函数_哔哩哔哩 (b-b)つロ 干杯~-bilibili,2018/5/14 20:40:30,1,,Link,Chrome,mayu2,Default,40,0
https://space.bilibili.com/756155/#/video,https://space.bilibili.com/756155/#/video,2018/5/14 20:38:04,3,,Link,Chrome,mayu2,Default,41,0
https://space.bilibili.com/756155/#/,,2018/5/14 20:36:02,1,,Link,Chrome,mayu2,Default,36,0
https://space.bilibili.com/756155/,,2018/5/14 20:36:01,1,,Link,Chrome,mayu2,Default,34,0
https://space.bilibili.com/756155,值拿字就是意义的个人空间 - 哔哩哔哩 ( b- b)つロ 乾杯~ Bilibili,2018/5/14 20:36:01,1,,Link,Chrome,mayu2,Default,33,0
